SET FOREIGN_KEY_CHECKS=0;
-- Ciudades
INSERT INTO ciudades (nombre_ciudad, coordenada_ciudad_x, coordenada_ciudad_y) VALUES ('Quito', -78.76300151, -2.25085698);
INSERT INTO ciudades (nombre_ciudad, coordenada_ciudad_x, coordenada_ciudad_y) VALUES ('Guayaquil', -78.87217811, -0.13238478);
INSERT INTO ciudades (nombre_ciudad, coordenada_ciudad_x, coordenada_ciudad_y) VALUES ('Cuenca', -78.91718597, -3.72510072);
INSERT INTO ciudades (nombre_ciudad, coordenada_ciudad_x, coordenada_ciudad_y) VALUES ('Ambato', -78.47629109, -3.80318149);
INSERT INTO ciudades (nombre_ciudad, coordenada_ciudad_x, coordenada_ciudad_y) VALUES ('Manta', -79.06726049, 0.02677290);
INSERT INTO ciudades (nombre_ciudad, coordenada_ciudad_x, coordenada_ciudad_y) VALUES ('Loja', -78.66613512, -1.24924016);
INSERT INTO ciudades (nombre_ciudad, coordenada_ciudad_x, coordenada_ciudad_y) VALUES ('Machala', -79.55407812, -0.88116429);
INSERT INTO ciudades (nombre_ciudad, coordenada_ciudad_x, coordenada_ciudad_y) VALUES ('Ibarra', -78.46713338, -3.92940266);
-- Direcciones
INSERT INTO direcciones (id_direccion, ciudades_nombre_ciudad, calle_principal, calle_secundaria, numero_edificacion, detalle) VALUES (1, 'Cuenca', 'Av. Amazonas', 'Calle 96', 'N14-367', 'Detalle generico');
INSERT INTO direcciones (id_direccion, ciudades_nombre_ciudad, calle_principal, calle_secundaria, numero_edificacion, detalle) VALUES (2, 'Loja', 'Av. Patria', 'Calle 13', 'N49-303', 'Detalle generico');
INSERT INTO direcciones (id_direccion, ciudades_nombre_ciudad, calle_principal, calle_secundaria, numero_edificacion, detalle) VALUES (3, 'Loja', 'Calle Simon Bolivar', 'Calle 73', 'N61-773', 'Detalle generico');
INSERT INTO direcciones (id_direccion, ciudades_nombre_ciudad, calle_principal, calle_secundaria, numero_edificacion, detalle) VALUES (4, 'Manta', 'Av. Patria', 'Calle 91', 'N36-714', 'Detalle generico');
INSERT INTO direcciones (id_direccion, ciudades_nombre_ciudad, calle_principal, calle_secundaria, numero_edificacion, detalle) VALUES (5, 'Ambato', 'Av. Shyris', 'Calle 16', 'N65-497', 'Detalle generico');
INSERT INTO direcciones (id_direccion, ciudades_nombre_ciudad, calle_principal, calle_secundaria, numero_edificacion, detalle) VALUES (6, 'Manta', 'Calle Larga', 'Calle 96', 'N59-283', 'Detalle generico');
INSERT INTO direcciones (id_direccion, ciudades_nombre_ciudad, calle_principal, calle_secundaria, numero_edificacion, detalle) VALUES (7, 'Ambato', 'Av. Shyris', 'Calle 46', 'N12-883', 'Detalle generico');
INSERT INTO direcciones (id_direccion, ciudades_nombre_ciudad, calle_principal, calle_secundaria, numero_edificacion, detalle) VALUES (8, 'Machala', 'Av. Shyris', 'Calle 94', 'N35-958', 'Detalle generico');
INSERT INTO direcciones (id_direccion, ciudades_nombre_ciudad, calle_principal, calle_secundaria, numero_edificacion, detalle) VALUES (9, 'Guayaquil', 'Calle Simon Bolivar', 'Calle 79', 'N77-519', 'Detalle generico');
INSERT INTO direcciones (id_direccion, ciudades_nombre_ciudad, calle_principal, calle_secundaria, numero_edificacion, detalle) VALUES (10, 'Manta', 'Av. Patria', 'Calle 88', 'N19-794', 'Detalle generico');
INSERT INTO direcciones (id_direccion, ciudades_nombre_ciudad, calle_principal, calle_secundaria, numero_edificacion, detalle) VALUES (11, 'Manta', 'Av. 9 de Octubre', 'Calle 56', 'N90-300', 'Detalle generico');
INSERT INTO direcciones (id_direccion, ciudades_nombre_ciudad, calle_principal, calle_secundaria, numero_edificacion, detalle) VALUES (12, 'Manta', 'Av. Shyris', 'Calle 53', 'N89-292', 'Detalle generico');
INSERT INTO direcciones (id_direccion, ciudades_nombre_ciudad, calle_principal, calle_secundaria, numero_edificacion, detalle) VALUES (13, 'Guayaquil', 'Av. Amazonas', 'Calle 34', 'N69-324', 'Detalle generico');
INSERT INTO direcciones (id_direccion, ciudades_nombre_ciudad, calle_principal, calle_secundaria, numero_edificacion, detalle) VALUES (14, 'Machala', 'Calle Simon Bolivar', 'Calle 15', 'N52-630', 'Detalle generico');
INSERT INTO direcciones (id_direccion, ciudades_nombre_ciudad, calle_principal, calle_secundaria, numero_edificacion, detalle) VALUES (15, 'Loja', 'Av. Patria', 'Calle 90', 'N54-324', 'Detalle generico');
INSERT INTO direcciones (id_direccion, ciudades_nombre_ciudad, calle_principal, calle_secundaria, numero_edificacion, detalle) VALUES (16, 'Guayaquil', 'Av. 9 de Octubre', 'Calle 10', 'N67-240', 'Detalle generico');
INSERT INTO direcciones (id_direccion, ciudades_nombre_ciudad, calle_principal, calle_secundaria, numero_edificacion, detalle) VALUES (17, 'Manta', 'Av. Patria', 'Calle 81', 'N95-749', 'Detalle generico');
INSERT INTO direcciones (id_direccion, ciudades_nombre_ciudad, calle_principal, calle_secundaria, numero_edificacion, detalle) VALUES (18, 'Loja', 'Calle Simon Bolivar', 'Calle 96', 'N85-671', 'Detalle generico');
INSERT INTO direcciones (id_direccion, ciudades_nombre_ciudad, calle_principal, calle_secundaria, numero_edificacion, detalle) VALUES (19, 'Loja', 'Av. Shyris', 'Calle 72', 'N81-656', 'Detalle generico');
INSERT INTO direcciones (id_direccion, ciudades_nombre_ciudad, calle_principal, calle_secundaria, numero_edificacion, detalle) VALUES (20, 'Machala', 'Av. Patria', 'Calle 2', 'N22-746', 'Detalle generico');
INSERT INTO direcciones (id_direccion, ciudades_nombre_ciudad, calle_principal, calle_secundaria, numero_edificacion, detalle) VALUES (21, 'Ibarra', 'Calle Larga', 'Calle 90', 'N51-258', 'Detalle generico');
INSERT INTO direcciones (id_direccion, ciudades_nombre_ciudad, calle_principal, calle_secundaria, numero_edificacion, detalle) VALUES (22, 'Machala', 'Av. Patria', 'Calle 7', 'N21-556', 'Detalle generico');
INSERT INTO direcciones (id_direccion, ciudades_nombre_ciudad, calle_principal, calle_secundaria, numero_edificacion, detalle) VALUES (23, 'Guayaquil', 'Av. Patria', 'Calle 20', 'N19-619', 'Detalle generico');
INSERT INTO direcciones (id_direccion, ciudades_nombre_ciudad, calle_principal, calle_secundaria, numero_edificacion, detalle) VALUES (24, 'Manta', 'Calle 10 de Agosto', 'Calle 58', 'N35-362', 'Detalle generico');
INSERT INTO direcciones (id_direccion, ciudades_nombre_ciudad, calle_principal, calle_secundaria, numero_edificacion, detalle) VALUES (25, 'Guayaquil', 'Av. 9 de Octubre', 'Calle 97', 'N69-264', 'Detalle generico');
INSERT INTO direcciones (id_direccion, ciudades_nombre_ciudad, calle_principal, calle_secundaria, numero_edificacion, detalle) VALUES (26, 'Ambato', 'Calle 10 de Agosto', 'Calle 69', 'N65-741', 'Detalle generico');
INSERT INTO direcciones (id_direccion, ciudades_nombre_ciudad, calle_principal, calle_secundaria, numero_edificacion, detalle) VALUES (27, 'Quito', 'Av. 9 de Octubre', 'Calle 21', 'N38-828', 'Detalle generico');
INSERT INTO direcciones (id_direccion, ciudades_nombre_ciudad, calle_principal, calle_secundaria, numero_edificacion, detalle) VALUES (28, 'Cuenca', 'Av. Patria', 'Calle 28', 'N14-965', 'Detalle generico');
INSERT INTO direcciones (id_direccion, ciudades_nombre_ciudad, calle_principal, calle_secundaria, numero_edificacion, detalle) VALUES (29, 'Ibarra', 'Calle Simon Bolivar', 'Calle 40', 'N80-543', 'Detalle generico');
INSERT INTO direcciones (id_direccion, ciudades_nombre_ciudad, calle_principal, calle_secundaria, numero_edificacion, detalle) VALUES (30, 'Cuenca', 'Calle Larga', 'Calle 10', 'N21-686', 'Detalle generico');
INSERT INTO direcciones (id_direccion, ciudades_nombre_ciudad, calle_principal, calle_secundaria, numero_edificacion, detalle) VALUES (31, 'Guayaquil', 'Calle Larga', 'Calle 84', 'N47-298', 'Detalle generico');
INSERT INTO direcciones (id_direccion, ciudades_nombre_ciudad, calle_principal, calle_secundaria, numero_edificacion, detalle) VALUES (32, 'Guayaquil', 'Calle Simon Bolivar', 'Calle 86', 'N91-301', 'Detalle generico');
INSERT INTO direcciones (id_direccion, ciudades_nombre_ciudad, calle_principal, calle_secundaria, numero_edificacion, detalle) VALUES (33, 'Guayaquil', 'Av. Patria', 'Calle 4', 'N99-976', 'Detalle generico');
INSERT INTO direcciones (id_direccion, ciudades_nombre_ciudad, calle_principal, calle_secundaria, numero_edificacion, detalle) VALUES (34, 'Manta', 'Av. Shyris', 'Calle 61', 'N80-450', 'Detalle generico');
INSERT INTO direcciones (id_direccion, ciudades_nombre_ciudad, calle_principal, calle_secundaria, numero_edificacion, detalle) VALUES (35, 'Manta', 'Av. Amazonas', 'Calle 62', 'N58-126', 'Detalle generico');
INSERT INTO direcciones (id_direccion, ciudades_nombre_ciudad, calle_principal, calle_secundaria, numero_edificacion, detalle) VALUES (36, 'Ambato', 'Calle Larga', 'Calle 60', 'N13-862', 'Detalle generico');
INSERT INTO direcciones (id_direccion, ciudades_nombre_ciudad, calle_principal, calle_secundaria, numero_edificacion, detalle) VALUES (37, 'Manta', 'Av. 9 de Octubre', 'Calle 83', 'N91-747', 'Detalle generico');
INSERT INTO direcciones (id_direccion, ciudades_nombre_ciudad, calle_principal, calle_secundaria, numero_edificacion, detalle) VALUES (38, 'Machala', 'Av. 9 de Octubre', 'Calle 20', 'N63-981', 'Detalle generico');
INSERT INTO direcciones (id_direccion, ciudades_nombre_ciudad, calle_principal, calle_secundaria, numero_edificacion, detalle) VALUES (39, 'Ambato', 'Calle Simon Bolivar', 'Calle 26', 'N94-229', 'Detalle generico');
INSERT INTO direcciones (id_direccion, ciudades_nombre_ciudad, calle_principal, calle_secundaria, numero_edificacion, detalle) VALUES (40, 'Loja', 'Calle Larga', 'Calle 88', 'N56-757', 'Detalle generico');
INSERT INTO direcciones (id_direccion, ciudades_nombre_ciudad, calle_principal, calle_secundaria, numero_edificacion, detalle) VALUES (41, 'Loja', 'Calle Larga', 'Calle 41', 'N22-528', 'Detalle generico');
INSERT INTO direcciones (id_direccion, ciudades_nombre_ciudad, calle_principal, calle_secundaria, numero_edificacion, detalle) VALUES (42, 'Ibarra', 'Av. Shyris', 'Calle 75', 'N90-532', 'Detalle generico');
INSERT INTO direcciones (id_direccion, ciudades_nombre_ciudad, calle_principal, calle_secundaria, numero_edificacion, detalle) VALUES (43, 'Ibarra', 'Calle 10 de Agosto', 'Calle 99', 'N70-436', 'Detalle generico');
INSERT INTO direcciones (id_direccion, ciudades_nombre_ciudad, calle_principal, calle_secundaria, numero_edificacion, detalle) VALUES (44, 'Quito', 'Av. Patria', 'Calle 72', 'N70-456', 'Detalle generico');
INSERT INTO direcciones (id_direccion, ciudades_nombre_ciudad, calle_principal, calle_secundaria, numero_edificacion, detalle) VALUES (45, 'Machala', 'Calle Larga', 'Calle 92', 'N32-657', 'Detalle generico');
INSERT INTO direcciones (id_direccion, ciudades_nombre_ciudad, calle_principal, calle_secundaria, numero_edificacion, detalle) VALUES (46, 'Guayaquil', 'Calle Larga', 'Calle 29', 'N51-785', 'Detalle generico');
INSERT INTO direcciones (id_direccion, ciudades_nombre_ciudad, calle_principal, calle_secundaria, numero_edificacion, detalle) VALUES (47, 'Quito', 'Av. Amazonas', 'Calle 10', 'N79-341', 'Detalle generico');
INSERT INTO direcciones (id_direccion, ciudades_nombre_ciudad, calle_principal, calle_secundaria, numero_edificacion, detalle) VALUES (48, 'Loja', 'Calle 10 de Agosto', 'Calle 81', 'N37-404', 'Detalle generico');
INSERT INTO direcciones (id_direccion, ciudades_nombre_ciudad, calle_principal, calle_secundaria, numero_edificacion, detalle) VALUES (49, 'Quito', 'Av. Shyris', 'Calle 94', 'N43-553', 'Detalle generico');
INSERT INTO direcciones (id_direccion, ciudades_nombre_ciudad, calle_principal, calle_secundaria, numero_edificacion, detalle) VALUES (50, 'Quito', 'Calle Larga', 'Calle 59', 'N47-103', 'Detalle generico');
INSERT INTO direcciones (id_direccion, ciudades_nombre_ciudad, calle_principal, calle_secundaria, numero_edificacion, detalle) VALUES (51, 'Quito', 'Calle 10 de Agosto', 'Calle 13', 'N89-337', 'Detalle generico');
INSERT INTO direcciones (id_direccion, ciudades_nombre_ciudad, calle_principal, calle_secundaria, numero_edificacion, detalle) VALUES (52, 'Machala', 'Calle Simon Bolivar', 'Calle 49', 'N60-480', 'Detalle generico');
INSERT INTO direcciones (id_direccion, ciudades_nombre_ciudad, calle_principal, calle_secundaria, numero_edificacion, detalle) VALUES (53, 'Quito', 'Av. 9 de Octubre', 'Calle 98', 'N38-553', 'Detalle generico');
INSERT INTO direcciones (id_direccion, ciudades_nombre_ciudad, calle_principal, calle_secundaria, numero_edificacion, detalle) VALUES (54, 'Cuenca', 'Calle Larga', 'Calle 64', 'N93-109', 'Detalle generico');
INSERT INTO direcciones (id_direccion, ciudades_nombre_ciudad, calle_principal, calle_secundaria, numero_edificacion, detalle) VALUES (55, 'Manta', 'Calle Simon Bolivar', 'Calle 19', 'N79-610', 'Detalle generico');
INSERT INTO direcciones (id_direccion, ciudades_nombre_ciudad, calle_principal, calle_secundaria, numero_edificacion, detalle) VALUES (56, 'Quito', 'Av. Amazonas', 'Calle 95', 'N43-888', 'Detalle generico');
INSERT INTO direcciones (id_direccion, ciudades_nombre_ciudad, calle_principal, calle_secundaria, numero_edificacion, detalle) VALUES (57, 'Cuenca', 'Av. Shyris', 'Calle 56', 'N39-657', 'Detalle generico');
INSERT INTO direcciones (id_direccion, ciudades_nombre_ciudad, calle_principal, calle_secundaria, numero_edificacion, detalle) VALUES (58, 'Machala', 'Calle 10 de Agosto', 'Calle 71', 'N24-643', 'Detalle generico');
INSERT INTO direcciones (id_direccion, ciudades_nombre_ciudad, calle_principal, calle_secundaria, numero_edificacion, detalle) VALUES (59, 'Cuenca', 'Av. 9 de Octubre', 'Calle 9', 'N23-885', 'Detalle generico');
INSERT INTO direcciones (id_direccion, ciudades_nombre_ciudad, calle_principal, calle_secundaria, numero_edificacion, detalle) VALUES (60, 'Ambato', 'Calle Simon Bolivar', 'Calle 48', 'N65-611', 'Detalle generico');
INSERT INTO direcciones (id_direccion, ciudades_nombre_ciudad, calle_principal, calle_secundaria, numero_edificacion, detalle) VALUES (61, 'Quito', 'Av. Shyris', 'Calle 20', 'N75-934', 'Detalle generico');
INSERT INTO direcciones (id_direccion, ciudades_nombre_ciudad, calle_principal, calle_secundaria, numero_edificacion, detalle) VALUES (62, 'Manta', 'Calle Simon Bolivar', 'Calle 91', 'N16-429', 'Detalle generico');
INSERT INTO direcciones (id_direccion, ciudades_nombre_ciudad, calle_principal, calle_secundaria, numero_edificacion, detalle) VALUES (63, 'Machala', 'Av. Amazonas', 'Calle 96', 'N94-265', 'Detalle generico');
INSERT INTO direcciones (id_direccion, ciudades_nombre_ciudad, calle_principal, calle_secundaria, numero_edificacion, detalle) VALUES (64, 'Ambato', 'Av. Patria', 'Calle 41', 'N99-794', 'Detalle generico');
INSERT INTO direcciones (id_direccion, ciudades_nombre_ciudad, calle_principal, calle_secundaria, numero_edificacion, detalle) VALUES (65, 'Cuenca', 'Calle 10 de Agosto', 'Calle 23', 'N37-414', 'Detalle generico');
INSERT INTO direcciones (id_direccion, ciudades_nombre_ciudad, calle_principal, calle_secundaria, numero_edificacion, detalle) VALUES (66, 'Manta', 'Av. Amazonas', 'Calle 69', 'N20-986', 'Detalle generico');
INSERT INTO direcciones (id_direccion, ciudades_nombre_ciudad, calle_principal, calle_secundaria, numero_edificacion, detalle) VALUES (67, 'Ambato', 'Calle Larga', 'Calle 59', 'N21-568', 'Detalle generico');
INSERT INTO direcciones (id_direccion, ciudades_nombre_ciudad, calle_principal, calle_secundaria, numero_edificacion, detalle) VALUES (68, 'Ambato', 'Av. Amazonas', 'Calle 53', 'N24-544', 'Detalle generico');
INSERT INTO direcciones (id_direccion, ciudades_nombre_ciudad, calle_principal, calle_secundaria, numero_edificacion, detalle) VALUES (69, 'Guayaquil', 'Av. Amazonas', 'Calle 87', 'N53-852', 'Detalle generico');
INSERT INTO direcciones (id_direccion, ciudades_nombre_ciudad, calle_principal, calle_secundaria, numero_edificacion, detalle) VALUES (70, 'Machala', 'Calle Simon Bolivar', 'Calle 16', 'N56-537', 'Detalle generico');
INSERT INTO direcciones (id_direccion, ciudades_nombre_ciudad, calle_principal, calle_secundaria, numero_edificacion, detalle) VALUES (71, 'Cuenca', 'Calle Larga', 'Calle 16', 'N42-150', 'Detalle generico');
INSERT INTO direcciones (id_direccion, ciudades_nombre_ciudad, calle_principal, calle_secundaria, numero_edificacion, detalle) VALUES (72, 'Quito', 'Av. 9 de Octubre', 'Calle 87', 'N70-873', 'Detalle generico');
INSERT INTO direcciones (id_direccion, ciudades_nombre_ciudad, calle_principal, calle_secundaria, numero_edificacion, detalle) VALUES (73, 'Ambato', 'Av. Shyris', 'Calle 25', 'N40-955', 'Detalle generico');
INSERT INTO direcciones (id_direccion, ciudades_nombre_ciudad, calle_principal, calle_secundaria, numero_edificacion, detalle) VALUES (74, 'Manta', 'Calle Simon Bolivar', 'Calle 15', 'N49-714', 'Detalle generico');
INSERT INTO direcciones (id_direccion, ciudades_nombre_ciudad, calle_principal, calle_secundaria, numero_edificacion, detalle) VALUES (75, 'Loja', 'Calle Larga', 'Calle 28', 'N51-230', 'Detalle generico');
INSERT INTO direcciones (id_direccion, ciudades_nombre_ciudad, calle_principal, calle_secundaria, numero_edificacion, detalle) VALUES (76, 'Ibarra', 'Calle Simon Bolivar', 'Calle 44', 'N96-801', 'Detalle generico');
INSERT INTO direcciones (id_direccion, ciudades_nombre_ciudad, calle_principal, calle_secundaria, numero_edificacion, detalle) VALUES (77, 'Ibarra', 'Calle 10 de Agosto', 'Calle 99', 'N98-400', 'Detalle generico');
INSERT INTO direcciones (id_direccion, ciudades_nombre_ciudad, calle_principal, calle_secundaria, numero_edificacion, detalle) VALUES (78, 'Machala', 'Av. Amazonas', 'Calle 90', 'N80-139', 'Detalle generico');
INSERT INTO direcciones (id_direccion, ciudades_nombre_ciudad, calle_principal, calle_secundaria, numero_edificacion, detalle) VALUES (79, 'Ibarra', 'Av. Amazonas', 'Calle 96', 'N75-542', 'Detalle generico');
INSERT INTO direcciones (id_direccion, ciudades_nombre_ciudad, calle_principal, calle_secundaria, numero_edificacion, detalle) VALUES (80, 'Machala', 'Av. 9 de Octubre', 'Calle 81', 'N88-335', 'Detalle generico');
INSERT INTO direcciones (id_direccion, ciudades_nombre_ciudad, calle_principal, calle_secundaria, numero_edificacion, detalle) VALUES (81, 'Cuenca', 'Av. Amazonas', 'Calle 56', 'N21-539', 'Detalle generico');
INSERT INTO direcciones (id_direccion, ciudades_nombre_ciudad, calle_principal, calle_secundaria, numero_edificacion, detalle) VALUES (82, 'Cuenca', 'Av. 9 de Octubre', 'Calle 86', 'N32-859', 'Detalle generico');
INSERT INTO direcciones (id_direccion, ciudades_nombre_ciudad, calle_principal, calle_secundaria, numero_edificacion, detalle) VALUES (83, 'Cuenca', 'Av. Shyris', 'Calle 3', 'N69-459', 'Detalle generico');
INSERT INTO direcciones (id_direccion, ciudades_nombre_ciudad, calle_principal, calle_secundaria, numero_edificacion, detalle) VALUES (84, 'Ibarra', 'Av. 9 de Octubre', 'Calle 69', 'N27-200', 'Detalle generico');
INSERT INTO direcciones (id_direccion, ciudades_nombre_ciudad, calle_principal, calle_secundaria, numero_edificacion, detalle) VALUES (85, 'Loja', 'Av. Amazonas', 'Calle 14', 'N36-989', 'Detalle generico');
INSERT INTO direcciones (id_direccion, ciudades_nombre_ciudad, calle_principal, calle_secundaria, numero_edificacion, detalle) VALUES (86, 'Ibarra', 'Calle 10 de Agosto', 'Calle 91', 'N91-944', 'Detalle generico');
INSERT INTO direcciones (id_direccion, ciudades_nombre_ciudad, calle_principal, calle_secundaria, numero_edificacion, detalle) VALUES (87, 'Cuenca', 'Calle Simon Bolivar', 'Calle 41', 'N24-941', 'Detalle generico');
INSERT INTO direcciones (id_direccion, ciudades_nombre_ciudad, calle_principal, calle_secundaria, numero_edificacion, detalle) VALUES (88, 'Quito', 'Calle Larga', 'Calle 41', 'N37-815', 'Detalle generico');
INSERT INTO direcciones (id_direccion, ciudades_nombre_ciudad, calle_principal, calle_secundaria, numero_edificacion, detalle) VALUES (89, 'Ambato', 'Calle Larga', 'Calle 15', 'N87-692', 'Detalle generico');
INSERT INTO direcciones (id_direccion, ciudades_nombre_ciudad, calle_principal, calle_secundaria, numero_edificacion, detalle) VALUES (90, 'Cuenca', 'Calle Larga', 'Calle 41', 'N21-165', 'Detalle generico');
INSERT INTO direcciones (id_direccion, ciudades_nombre_ciudad, calle_principal, calle_secundaria, numero_edificacion, detalle) VALUES (91, 'Quito', 'Calle Larga', 'Calle 94', 'N50-589', 'Detalle generico');
INSERT INTO direcciones (id_direccion, ciudades_nombre_ciudad, calle_principal, calle_secundaria, numero_edificacion, detalle) VALUES (92, 'Guayaquil', 'Av. 9 de Octubre', 'Calle 35', 'N13-257', 'Detalle generico');
INSERT INTO direcciones (id_direccion, ciudades_nombre_ciudad, calle_principal, calle_secundaria, numero_edificacion, detalle) VALUES (93, 'Machala', 'Av. Amazonas', 'Calle 72', 'N97-619', 'Detalle generico');
INSERT INTO direcciones (id_direccion, ciudades_nombre_ciudad, calle_principal, calle_secundaria, numero_edificacion, detalle) VALUES (94, 'Cuenca', 'Av. Amazonas', 'Calle 98', 'N96-398', 'Detalle generico');
INSERT INTO direcciones (id_direccion, ciudades_nombre_ciudad, calle_principal, calle_secundaria, numero_edificacion, detalle) VALUES (95, 'Guayaquil', 'Av. Amazonas', 'Calle 71', 'N56-375', 'Detalle generico');
INSERT INTO direcciones (id_direccion, ciudades_nombre_ciudad, calle_principal, calle_secundaria, numero_edificacion, detalle) VALUES (96, 'Cuenca', 'Av. 9 de Octubre', 'Calle 100', 'N71-358', 'Detalle generico');
INSERT INTO direcciones (id_direccion, ciudades_nombre_ciudad, calle_principal, calle_secundaria, numero_edificacion, detalle) VALUES (97, 'Manta', 'Av. Shyris', 'Calle 96', 'N51-712', 'Detalle generico');
INSERT INTO direcciones (id_direccion, ciudades_nombre_ciudad, calle_principal, calle_secundaria, numero_edificacion, detalle) VALUES (98, 'Loja', 'Av. 9 de Octubre', 'Calle 7', 'N62-974', 'Detalle generico');
INSERT INTO direcciones (id_direccion, ciudades_nombre_ciudad, calle_principal, calle_secundaria, numero_edificacion, detalle) VALUES (99, 'Ibarra', 'Av. Shyris', 'Calle 2', 'N65-537', 'Detalle generico');
INSERT INTO direcciones (id_direccion, ciudades_nombre_ciudad, calle_principal, calle_secundaria, numero_edificacion, detalle) VALUES (100, 'Machala', 'Av. 9 de Octubre', 'Calle 25', 'N17-902', 'Detalle generico');
INSERT INTO direcciones (id_direccion, ciudades_nombre_ciudad, calle_principal, calle_secundaria, numero_edificacion, detalle) VALUES (101, 'Quito', 'Av. 9 de Octubre', 'Calle 42', 'N62-864', 'Detalle generico');
INSERT INTO direcciones (id_direccion, ciudades_nombre_ciudad, calle_principal, calle_secundaria, numero_edificacion, detalle) VALUES (102, 'Loja', 'Av. Shyris', 'Calle 57', 'N16-363', 'Detalle generico');
INSERT INTO direcciones (id_direccion, ciudades_nombre_ciudad, calle_principal, calle_secundaria, numero_edificacion, detalle) VALUES (103, 'Cuenca', 'Calle Simon Bolivar', 'Calle 26', 'N31-882', 'Detalle generico');
INSERT INTO direcciones (id_direccion, ciudades_nombre_ciudad, calle_principal, calle_secundaria, numero_edificacion, detalle) VALUES (104, 'Quito', 'Calle Simon Bolivar', 'Calle 83', 'N14-731', 'Detalle generico');
INSERT INTO direcciones (id_direccion, ciudades_nombre_ciudad, calle_principal, calle_secundaria, numero_edificacion, detalle) VALUES (105, 'Ambato', 'Av. 9 de Octubre', 'Calle 30', 'N25-407', 'Detalle generico');
INSERT INTO direcciones (id_direccion, ciudades_nombre_ciudad, calle_principal, calle_secundaria, numero_edificacion, detalle) VALUES (106, 'Manta', 'Calle Larga', 'Calle 14', 'N76-521', 'Detalle generico');
INSERT INTO direcciones (id_direccion, ciudades_nombre_ciudad, calle_principal, calle_secundaria, numero_edificacion, detalle) VALUES (107, 'Guayaquil', 'Calle 10 de Agosto', 'Calle 7', 'N17-983', 'Detalle generico');
INSERT INTO direcciones (id_direccion, ciudades_nombre_ciudad, calle_principal, calle_secundaria, numero_edificacion, detalle) VALUES (108, 'Machala', 'Av. Amazonas', 'Calle 21', 'N37-978', 'Detalle generico');
INSERT INTO direcciones (id_direccion, ciudades_nombre_ciudad, calle_principal, calle_secundaria, numero_edificacion, detalle) VALUES (109, 'Ambato', 'Calle Simon Bolivar', 'Calle 90', 'N35-127', 'Detalle generico');
INSERT INTO direcciones (id_direccion, ciudades_nombre_ciudad, calle_principal, calle_secundaria, numero_edificacion, detalle) VALUES (110, 'Cuenca', 'Calle 10 de Agosto', 'Calle 92', 'N19-607', 'Detalle generico');
INSERT INTO direcciones (id_direccion, ciudades_nombre_ciudad, calle_principal, calle_secundaria, numero_edificacion, detalle) VALUES (111, 'Loja', 'Calle Larga', 'Calle 83', 'N55-743', 'Detalle generico');
INSERT INTO direcciones (id_direccion, ciudades_nombre_ciudad, calle_principal, calle_secundaria, numero_edificacion, detalle) VALUES (112, 'Machala', 'Av. Amazonas', 'Calle 58', 'N87-527', 'Detalle generico');
INSERT INTO direcciones (id_direccion, ciudades_nombre_ciudad, calle_principal, calle_secundaria, numero_edificacion, detalle) VALUES (113, 'Cuenca', 'Av. 9 de Octubre', 'Calle 20', 'N31-302', 'Detalle generico');
INSERT INTO direcciones (id_direccion, ciudades_nombre_ciudad, calle_principal, calle_secundaria, numero_edificacion, detalle) VALUES (114, 'Machala', 'Av. Patria', 'Calle 99', 'N75-201', 'Detalle generico');
INSERT INTO direcciones (id_direccion, ciudades_nombre_ciudad, calle_principal, calle_secundaria, numero_edificacion, detalle) VALUES (115, 'Manta', 'Av. Shyris', 'Calle 35', 'N68-129', 'Detalle generico');
INSERT INTO direcciones (id_direccion, ciudades_nombre_ciudad, calle_principal, calle_secundaria, numero_edificacion, detalle) VALUES (116, 'Quito', 'Calle Larga', 'Calle 23', 'N59-876', 'Detalle generico');
INSERT INTO direcciones (id_direccion, ciudades_nombre_ciudad, calle_principal, calle_secundaria, numero_edificacion, detalle) VALUES (117, 'Cuenca', 'Calle Simon Bolivar', 'Calle 26', 'N97-751', 'Detalle generico');
INSERT INTO direcciones (id_direccion, ciudades_nombre_ciudad, calle_principal, calle_secundaria, numero_edificacion, detalle) VALUES (118, 'Ibarra', 'Calle Larga', 'Calle 54', 'N28-145', 'Detalle generico');
INSERT INTO direcciones (id_direccion, ciudades_nombre_ciudad, calle_principal, calle_secundaria, numero_edificacion, detalle) VALUES (119, 'Guayaquil', 'Calle 10 de Agosto', 'Calle 85', 'N76-992', 'Detalle generico');
INSERT INTO direcciones (id_direccion, ciudades_nombre_ciudad, calle_principal, calle_secundaria, numero_edificacion, detalle) VALUES (120, 'Guayaquil', 'Av. Shyris', 'Calle 62', 'N36-589', 'Detalle generico');
INSERT INTO direcciones (id_direccion, ciudades_nombre_ciudad, calle_principal, calle_secundaria, numero_edificacion, detalle) VALUES (121, 'Loja', 'Av. Amazonas', 'Calle 45', 'N15-536', 'Detalle generico');
INSERT INTO direcciones (id_direccion, ciudades_nombre_ciudad, calle_principal, calle_secundaria, numero_edificacion, detalle) VALUES (122, 'Guayaquil', 'Av. 9 de Octubre', 'Calle 94', 'N26-511', 'Detalle generico');
INSERT INTO direcciones (id_direccion, ciudades_nombre_ciudad, calle_principal, calle_secundaria, numero_edificacion, detalle) VALUES (123, 'Manta', 'Av. Amazonas', 'Calle 60', 'N12-413', 'Detalle generico');
INSERT INTO direcciones (id_direccion, ciudades_nombre_ciudad, calle_principal, calle_secundaria, numero_edificacion, detalle) VALUES (124, 'Guayaquil', 'Calle 10 de Agosto', 'Calle 99', 'N73-416', 'Detalle generico');
INSERT INTO direcciones (id_direccion, ciudades_nombre_ciudad, calle_principal, calle_secundaria, numero_edificacion, detalle) VALUES (125, 'Cuenca', 'Calle Simon Bolivar', 'Calle 86', 'N72-830', 'Detalle generico');
INSERT INTO direcciones (id_direccion, ciudades_nombre_ciudad, calle_principal, calle_secundaria, numero_edificacion, detalle) VALUES (126, 'Machala', 'Av. Shyris', 'Calle 80', 'N57-503', 'Detalle generico');
INSERT INTO direcciones (id_direccion, ciudades_nombre_ciudad, calle_principal, calle_secundaria, numero_edificacion, detalle) VALUES (127, 'Ibarra', 'Calle Simon Bolivar', 'Calle 34', 'N93-807', 'Detalle generico');
INSERT INTO direcciones (id_direccion, ciudades_nombre_ciudad, calle_principal, calle_secundaria, numero_edificacion, detalle) VALUES (128, 'Ambato', 'Av. Amazonas', 'Calle 48', 'N40-314', 'Detalle generico');
INSERT INTO direcciones (id_direccion, ciudades_nombre_ciudad, calle_principal, calle_secundaria, numero_edificacion, detalle) VALUES (129, 'Ambato', 'Av. Patria', 'Calle 99', 'N63-320', 'Detalle generico');
INSERT INTO direcciones (id_direccion, ciudades_nombre_ciudad, calle_principal, calle_secundaria, numero_edificacion, detalle) VALUES (130, 'Guayaquil', 'Calle Simon Bolivar', 'Calle 80', 'N96-986', 'Detalle generico');
INSERT INTO direcciones (id_direccion, ciudades_nombre_ciudad, calle_principal, calle_secundaria, numero_edificacion, detalle) VALUES (131, 'Manta', 'Av. Amazonas', 'Calle 39', 'N44-629', 'Detalle generico');
INSERT INTO direcciones (id_direccion, ciudades_nombre_ciudad, calle_principal, calle_secundaria, numero_edificacion, detalle) VALUES (132, 'Loja', 'Av. Shyris', 'Calle 81', 'N82-896', 'Detalle generico');
INSERT INTO direcciones (id_direccion, ciudades_nombre_ciudad, calle_principal, calle_secundaria, numero_edificacion, detalle) VALUES (133, 'Loja', 'Av. Amazonas', 'Calle 33', 'N62-431', 'Detalle generico');
INSERT INTO direcciones (id_direccion, ciudades_nombre_ciudad, calle_principal, calle_secundaria, numero_edificacion, detalle) VALUES (134, 'Machala', 'Calle Simon Bolivar', 'Calle 64', 'N61-430', 'Detalle generico');
INSERT INTO direcciones (id_direccion, ciudades_nombre_ciudad, calle_principal, calle_secundaria, numero_edificacion, detalle) VALUES (135, 'Manta', 'Calle Simon Bolivar', 'Calle 87', 'N63-990', 'Detalle generico');
INSERT INTO direcciones (id_direccion, ciudades_nombre_ciudad, calle_principal, calle_secundaria, numero_edificacion, detalle) VALUES (136, 'Guayaquil', 'Av. Patria', 'Calle 52', 'N81-714', 'Detalle generico');
INSERT INTO direcciones (id_direccion, ciudades_nombre_ciudad, calle_principal, calle_secundaria, numero_edificacion, detalle) VALUES (137, 'Quito', 'Calle 10 de Agosto', 'Calle 88', 'N78-291', 'Detalle generico');
INSERT INTO direcciones (id_direccion, ciudades_nombre_ciudad, calle_principal, calle_secundaria, numero_edificacion, detalle) VALUES (138, 'Cuenca', 'Av. Shyris', 'Calle 70', 'N25-190', 'Detalle generico');
INSERT INTO direcciones (id_direccion, ciudades_nombre_ciudad, calle_principal, calle_secundaria, numero_edificacion, detalle) VALUES (139, 'Loja', 'Calle Simon Bolivar', 'Calle 17', 'N24-985', 'Detalle generico');
INSERT INTO direcciones (id_direccion, ciudades_nombre_ciudad, calle_principal, calle_secundaria, numero_edificacion, detalle) VALUES (140, 'Guayaquil', 'Av. 9 de Octubre', 'Calle 16', 'N63-191', 'Detalle generico');
INSERT INTO direcciones (id_direccion, ciudades_nombre_ciudad, calle_principal, calle_secundaria, numero_edificacion, detalle) VALUES (141, 'Manta', 'Av. 9 de Octubre', 'Calle 93', 'N47-398', 'Detalle generico');
INSERT INTO direcciones (id_direccion, ciudades_nombre_ciudad, calle_principal, calle_secundaria, numero_edificacion, detalle) VALUES (142, 'Quito', 'Calle 10 de Agosto', 'Calle 95', 'N24-336', 'Detalle generico');
INSERT INTO direcciones (id_direccion, ciudades_nombre_ciudad, calle_principal, calle_secundaria, numero_edificacion, detalle) VALUES (143, 'Ambato', 'Calle Simon Bolivar', 'Calle 86', 'N68-881', 'Detalle generico');
INSERT INTO direcciones (id_direccion, ciudades_nombre_ciudad, calle_principal, calle_secundaria, numero_edificacion, detalle) VALUES (144, 'Guayaquil', 'Av. 9 de Octubre', 'Calle 64', 'N56-538', 'Detalle generico');
INSERT INTO direcciones (id_direccion, ciudades_nombre_ciudad, calle_principal, calle_secundaria, numero_edificacion, detalle) VALUES (145, 'Machala', 'Calle Larga', 'Calle 70', 'N66-451', 'Detalle generico');
INSERT INTO direcciones (id_direccion, ciudades_nombre_ciudad, calle_principal, calle_secundaria, numero_edificacion, detalle) VALUES (146, 'Ambato', 'Calle Simon Bolivar', 'Calle 28', 'N20-680', 'Detalle generico');
INSERT INTO direcciones (id_direccion, ciudades_nombre_ciudad, calle_principal, calle_secundaria, numero_edificacion, detalle) VALUES (147, 'Quito', 'Calle Simon Bolivar', 'Calle 62', 'N76-742', 'Detalle generico');
INSERT INTO direcciones (id_direccion, ciudades_nombre_ciudad, calle_principal, calle_secundaria, numero_edificacion, detalle) VALUES (148, 'Ibarra', 'Av. Shyris', 'Calle 89', 'N17-793', 'Detalle generico');
INSERT INTO direcciones (id_direccion, ciudades_nombre_ciudad, calle_principal, calle_secundaria, numero_edificacion, detalle) VALUES (149, 'Guayaquil', 'Av. Shyris', 'Calle 99', 'N91-682', 'Detalle generico');
INSERT INTO direcciones (id_direccion, ciudades_nombre_ciudad, calle_principal, calle_secundaria, numero_edificacion, detalle) VALUES (150, 'Cuenca', 'Calle Simon Bolivar', 'Calle 40', 'N24-655', 'Detalle generico');
INSERT INTO direcciones (id_direccion, ciudades_nombre_ciudad, calle_principal, calle_secundaria, numero_edificacion, detalle) VALUES (151, 'Machala', 'Calle Larga', 'Calle 13', 'N37-128', 'Detalle generico');
INSERT INTO direcciones (id_direccion, ciudades_nombre_ciudad, calle_principal, calle_secundaria, numero_edificacion, detalle) VALUES (152, 'Cuenca', 'Calle 10 de Agosto', 'Calle 16', 'N28-584', 'Detalle generico');
INSERT INTO direcciones (id_direccion, ciudades_nombre_ciudad, calle_principal, calle_secundaria, numero_edificacion, detalle) VALUES (153, 'Cuenca', 'Av. Amazonas', 'Calle 6', 'N85-961', 'Detalle generico');
INSERT INTO direcciones (id_direccion, ciudades_nombre_ciudad, calle_principal, calle_secundaria, numero_edificacion, detalle) VALUES (154, 'Machala', 'Calle Simon Bolivar', 'Calle 47', 'N92-739', 'Detalle generico');
INSERT INTO direcciones (id_direccion, ciudades_nombre_ciudad, calle_principal, calle_secundaria, numero_edificacion, detalle) VALUES (155, 'Ibarra', 'Av. Shyris', 'Calle 34', 'N27-534', 'Detalle generico');
INSERT INTO direcciones (id_direccion, ciudades_nombre_ciudad, calle_principal, calle_secundaria, numero_edificacion, detalle) VALUES (156, 'Ambato', 'Av. Patria', 'Calle 55', 'N25-532', 'Detalle generico');
INSERT INTO direcciones (id_direccion, ciudades_nombre_ciudad, calle_principal, calle_secundaria, numero_edificacion, detalle) VALUES (157, 'Guayaquil', 'Av. 9 de Octubre', 'Calle 55', 'N15-823', 'Detalle generico');
INSERT INTO direcciones (id_direccion, ciudades_nombre_ciudad, calle_principal, calle_secundaria, numero_edificacion, detalle) VALUES (158, 'Ibarra', 'Av. Amazonas', 'Calle 54', 'N52-585', 'Detalle generico');
INSERT INTO direcciones (id_direccion, ciudades_nombre_ciudad, calle_principal, calle_secundaria, numero_edificacion, detalle) VALUES (159, 'Loja', 'Av. Shyris', 'Calle 53', 'N50-911', 'Detalle generico');
INSERT INTO direcciones (id_direccion, ciudades_nombre_ciudad, calle_principal, calle_secundaria, numero_edificacion, detalle) VALUES (160, 'Manta', 'Av. Shyris', 'Calle 23', 'N86-379', 'Detalle generico');
INSERT INTO direcciones (id_direccion, ciudades_nombre_ciudad, calle_principal, calle_secundaria, numero_edificacion, detalle) VALUES (161, 'Cuenca', 'Calle 10 de Agosto', 'Calle 87', 'N27-229', 'Detalle generico');
INSERT INTO direcciones (id_direccion, ciudades_nombre_ciudad, calle_principal, calle_secundaria, numero_edificacion, detalle) VALUES (162, 'Loja', 'Calle 10 de Agosto', 'Calle 12', 'N53-895', 'Detalle generico');
INSERT INTO direcciones (id_direccion, ciudades_nombre_ciudad, calle_principal, calle_secundaria, numero_edificacion, detalle) VALUES (163, 'Quito', 'Av. Amazonas', 'Calle 71', 'N66-115', 'Detalle generico');
INSERT INTO direcciones (id_direccion, ciudades_nombre_ciudad, calle_principal, calle_secundaria, numero_edificacion, detalle) VALUES (164, 'Ambato', 'Av. 9 de Octubre', 'Calle 64', 'N71-221', 'Detalle generico');
INSERT INTO direcciones (id_direccion, ciudades_nombre_ciudad, calle_principal, calle_secundaria, numero_edificacion, detalle) VALUES (165, 'Cuenca', 'Av. 9 de Octubre', 'Calle 96', 'N35-720', 'Detalle generico');
INSERT INTO direcciones (id_direccion, ciudades_nombre_ciudad, calle_principal, calle_secundaria, numero_edificacion, detalle) VALUES (166, 'Ibarra', 'Calle Simon Bolivar', 'Calle 84', 'N83-140', 'Detalle generico');
INSERT INTO direcciones (id_direccion, ciudades_nombre_ciudad, calle_principal, calle_secundaria, numero_edificacion, detalle) VALUES (167, 'Manta', 'Av. Patria', 'Calle 27', 'N27-120', 'Detalle generico');
INSERT INTO direcciones (id_direccion, ciudades_nombre_ciudad, calle_principal, calle_secundaria, numero_edificacion, detalle) VALUES (168, 'Ambato', 'Av. Shyris', 'Calle 68', 'N27-197', 'Detalle generico');
INSERT INTO direcciones (id_direccion, ciudades_nombre_ciudad, calle_principal, calle_secundaria, numero_edificacion, detalle) VALUES (169, 'Machala', 'Av. Shyris', 'Calle 84', 'N61-459', 'Detalle generico');
INSERT INTO direcciones (id_direccion, ciudades_nombre_ciudad, calle_principal, calle_secundaria, numero_edificacion, detalle) VALUES (170, 'Ibarra', 'Calle 10 de Agosto', 'Calle 88', 'N47-964', 'Detalle generico');
INSERT INTO direcciones (id_direccion, ciudades_nombre_ciudad, calle_principal, calle_secundaria, numero_edificacion, detalle) VALUES (171, 'Quito', 'Av. Patria', 'Calle 73', 'N38-438', 'Detalle generico');
INSERT INTO direcciones (id_direccion, ciudades_nombre_ciudad, calle_principal, calle_secundaria, numero_edificacion, detalle) VALUES (172, 'Machala', 'Av. Amazonas', 'Calle 22', 'N52-743', 'Detalle generico');
INSERT INTO direcciones (id_direccion, ciudades_nombre_ciudad, calle_principal, calle_secundaria, numero_edificacion, detalle) VALUES (173, 'Ibarra', 'Av. Patria', 'Calle 67', 'N74-587', 'Detalle generico');
INSERT INTO direcciones (id_direccion, ciudades_nombre_ciudad, calle_principal, calle_secundaria, numero_edificacion, detalle) VALUES (174, 'Ibarra', 'Av. Amazonas', 'Calle 18', 'N51-688', 'Detalle generico');
INSERT INTO direcciones (id_direccion, ciudades_nombre_ciudad, calle_principal, calle_secundaria, numero_edificacion, detalle) VALUES (175, 'Loja', 'Calle Larga', 'Calle 50', 'N48-968', 'Detalle generico');
INSERT INTO direcciones (id_direccion, ciudades_nombre_ciudad, calle_principal, calle_secundaria, numero_edificacion, detalle) VALUES (176, 'Loja', 'Av. Patria', 'Calle 36', 'N26-230', 'Detalle generico');
INSERT INTO direcciones (id_direccion, ciudades_nombre_ciudad, calle_principal, calle_secundaria, numero_edificacion, detalle) VALUES (177, 'Guayaquil', 'Calle 10 de Agosto', 'Calle 94', 'N79-525', 'Detalle generico');
INSERT INTO direcciones (id_direccion, ciudades_nombre_ciudad, calle_principal, calle_secundaria, numero_edificacion, detalle) VALUES (178, 'Quito', 'Av. Shyris', 'Calle 2', 'N20-947', 'Detalle generico');
INSERT INTO direcciones (id_direccion, ciudades_nombre_ciudad, calle_principal, calle_secundaria, numero_edificacion, detalle) VALUES (179, 'Ibarra', 'Calle 10 de Agosto', 'Calle 16', 'N83-769', 'Detalle generico');
INSERT INTO direcciones (id_direccion, ciudades_nombre_ciudad, calle_principal, calle_secundaria, numero_edificacion, detalle) VALUES (180, 'Ambato', 'Calle Larga', 'Calle 53', 'N69-360', 'Detalle generico');
INSERT INTO direcciones (id_direccion, ciudades_nombre_ciudad, calle_principal, calle_secundaria, numero_edificacion, detalle) VALUES (181, 'Ambato', 'Calle Simon Bolivar', 'Calle 57', 'N64-373', 'Detalle generico');
INSERT INTO direcciones (id_direccion, ciudades_nombre_ciudad, calle_principal, calle_secundaria, numero_edificacion, detalle) VALUES (182, 'Machala', 'Calle 10 de Agosto', 'Calle 28', 'N48-495', 'Detalle generico');
INSERT INTO direcciones (id_direccion, ciudades_nombre_ciudad, calle_principal, calle_secundaria, numero_edificacion, detalle) VALUES (183, 'Ambato', 'Av. 9 de Octubre', 'Calle 32', 'N61-691', 'Detalle generico');
INSERT INTO direcciones (id_direccion, ciudades_nombre_ciudad, calle_principal, calle_secundaria, numero_edificacion, detalle) VALUES (184, 'Machala', 'Calle 10 de Agosto', 'Calle 59', 'N42-186', 'Detalle generico');
INSERT INTO direcciones (id_direccion, ciudades_nombre_ciudad, calle_principal, calle_secundaria, numero_edificacion, detalle) VALUES (185, 'Quito', 'Av. Amazonas', 'Calle 99', 'N98-922', 'Detalle generico');
INSERT INTO direcciones (id_direccion, ciudades_nombre_ciudad, calle_principal, calle_secundaria, numero_edificacion, detalle) VALUES (186, 'Guayaquil', 'Calle Simon Bolivar', 'Calle 55', 'N88-244', 'Detalle generico');
INSERT INTO direcciones (id_direccion, ciudades_nombre_ciudad, calle_principal, calle_secundaria, numero_edificacion, detalle) VALUES (187, 'Manta', 'Calle Simon Bolivar', 'Calle 70', 'N81-894', 'Detalle generico');
INSERT INTO direcciones (id_direccion, ciudades_nombre_ciudad, calle_principal, calle_secundaria, numero_edificacion, detalle) VALUES (188, 'Manta', 'Av. Patria', 'Calle 80', 'N24-801', 'Detalle generico');
INSERT INTO direcciones (id_direccion, ciudades_nombre_ciudad, calle_principal, calle_secundaria, numero_edificacion, detalle) VALUES (189, 'Loja', 'Calle Simon Bolivar', 'Calle 43', 'N84-647', 'Detalle generico');
INSERT INTO direcciones (id_direccion, ciudades_nombre_ciudad, calle_principal, calle_secundaria, numero_edificacion, detalle) VALUES (190, 'Ibarra', 'Calle Simon Bolivar', 'Calle 8', 'N65-771', 'Detalle generico');
INSERT INTO direcciones (id_direccion, ciudades_nombre_ciudad, calle_principal, calle_secundaria, numero_edificacion, detalle) VALUES (191, 'Ambato', 'Calle 10 de Agosto', 'Calle 92', 'N65-492', 'Detalle generico');
INSERT INTO direcciones (id_direccion, ciudades_nombre_ciudad, calle_principal, calle_secundaria, numero_edificacion, detalle) VALUES (192, 'Ambato', 'Av. Shyris', 'Calle 69', 'N71-104', 'Detalle generico');
INSERT INTO direcciones (id_direccion, ciudades_nombre_ciudad, calle_principal, calle_secundaria, numero_edificacion, detalle) VALUES (193, 'Ambato', 'Calle Simon Bolivar', 'Calle 57', 'N53-554', 'Detalle generico');
INSERT INTO direcciones (id_direccion, ciudades_nombre_ciudad, calle_principal, calle_secundaria, numero_edificacion, detalle) VALUES (194, 'Manta', 'Calle Larga', 'Calle 41', 'N15-321', 'Detalle generico');
INSERT INTO direcciones (id_direccion, ciudades_nombre_ciudad, calle_principal, calle_secundaria, numero_edificacion, detalle) VALUES (195, 'Cuenca', 'Av. Shyris', 'Calle 45', 'N23-363', 'Detalle generico');
INSERT INTO direcciones (id_direccion, ciudades_nombre_ciudad, calle_principal, calle_secundaria, numero_edificacion, detalle) VALUES (196, 'Loja', 'Calle Larga', 'Calle 38', 'N90-321', 'Detalle generico');
INSERT INTO direcciones (id_direccion, ciudades_nombre_ciudad, calle_principal, calle_secundaria, numero_edificacion, detalle) VALUES (197, 'Ibarra', 'Calle Larga', 'Calle 73', 'N31-800', 'Detalle generico');
INSERT INTO direcciones (id_direccion, ciudades_nombre_ciudad, calle_principal, calle_secundaria, numero_edificacion, detalle) VALUES (198, 'Cuenca', 'Av. Amazonas', 'Calle 23', 'N60-779', 'Detalle generico');
INSERT INTO direcciones (id_direccion, ciudades_nombre_ciudad, calle_principal, calle_secundaria, numero_edificacion, detalle) VALUES (199, 'Manta', 'Av. Shyris', 'Calle 21', 'N43-625', 'Detalle generico');
INSERT INTO direcciones (id_direccion, ciudades_nombre_ciudad, calle_principal, calle_secundaria, numero_edificacion, detalle) VALUES (200, 'Quito', 'Calle Simon Bolivar', 'Calle 77', 'N63-650', 'Detalle generico');
-- Usuarios
INSERT INTO usuarios (cedula, nombre, apellidos, correo, contrasena, id_direccion_principal) VALUES ('1382583728', 'Carlos', 'Sanchez', 'carlos.sanchez.0@test.com', 'pass123', 119);
INSERT INTO usuarios (cedula, nombre, apellidos, correo, contrasena, id_direccion_principal) VALUES ('1372277935', 'Sofia', 'Rodriguez', 'sofia.rodriguez.1@test.com', 'pass123', 60);
INSERT INTO usuarios (cedula, nombre, apellidos, correo, contrasena, id_direccion_principal) VALUES ('1428942399', 'Carlos', 'Rodriguez', 'carlos.rodriguez.2@test.com', 'pass123', 127);
INSERT INTO usuarios (cedula, nombre, apellidos, correo, contrasena, id_direccion_principal) VALUES ('1965642503', 'Juan', 'Vargas', 'juan.vargas.3@test.com', 'pass123', 199);
INSERT INTO usuarios (cedula, nombre, apellidos, correo, contrasena, id_direccion_principal) VALUES ('1329227730', 'Fernanda', 'Silva', 'fernanda.silva.4@test.com', 'pass123', 180);
INSERT INTO usuarios (cedula, nombre, apellidos, correo, contrasena, id_direccion_principal) VALUES ('1235608968', 'Jose', 'Silva', 'jose.silva.5@test.com', 'pass123', 147);
INSERT INTO usuarios (cedula, nombre, apellidos, correo, contrasena, id_direccion_principal) VALUES ('1090086143', 'Maria', 'Lopez', 'maria.lopez.6@test.com', 'pass123', 47);
INSERT INTO usuarios (cedula, nombre, apellidos, correo, contrasena, id_direccion_principal) VALUES ('1741190394', 'Luis', 'Gomez', 'luis.gomez.7@test.com', 'pass123', 196);
INSERT INTO usuarios (cedula, nombre, apellidos, correo, contrasena, id_direccion_principal) VALUES ('1158309444', 'Gabriela', 'Lopez', 'gabriela.lopez.8@test.com', 'pass123', 84);
INSERT INTO usuarios (cedula, nombre, apellidos, correo, contrasena, id_direccion_principal) VALUES ('1368386560', 'Juan', 'Romero', 'juan.romero.9@test.com', 'pass123', 160);
INSERT INTO usuarios (cedula, nombre, apellidos, correo, contrasena, id_direccion_principal) VALUES ('1428413454', 'Fernanda', 'Romero', 'fernanda.romero.10@test.com', 'pass123', 58);
INSERT INTO usuarios (cedula, nombre, apellidos, correo, contrasena, id_direccion_principal) VALUES ('1359351479', 'Gabriela', 'Mendoza', 'gabriela.mendoza.11@test.com', 'pass123', 148);
INSERT INTO usuarios (cedula, nombre, apellidos, correo, contrasena, id_direccion_principal) VALUES ('1572144810', 'Sofia', 'Martinez', 'sofia.martinez.12@test.com', 'pass123', 171);
INSERT INTO usuarios (cedula, nombre, apellidos, correo, contrasena, id_direccion_principal) VALUES ('1161494070', 'Maria', 'Gomez', 'maria.gomez.13@test.com', 'pass123', 124);
INSERT INTO usuarios (cedula, nombre, apellidos, correo, contrasena, id_direccion_principal) VALUES ('1050797477', 'Sofia', 'Vargas', 'sofia.vargas.14@test.com', 'pass123', 32);
INSERT INTO usuarios (cedula, nombre, apellidos, correo, contrasena, id_direccion_principal) VALUES ('1877012051', 'Fernanda', 'Lopez', 'fernanda.lopez.15@test.com', 'pass123', 70);
INSERT INTO usuarios (cedula, nombre, apellidos, correo, contrasena, id_direccion_principal) VALUES ('1576126304', 'Carlos', 'Lopez', 'carlos.lopez.16@test.com', 'pass123', 148);
INSERT INTO usuarios (cedula, nombre, apellidos, correo, contrasena, id_direccion_principal) VALUES ('1610743883', 'Juan', 'Sanchez', 'juan.sanchez.17@test.com', 'pass123', 141);
INSERT INTO usuarios (cedula, nombre, apellidos, correo, contrasena, id_direccion_principal) VALUES ('1502738972', 'Maria', 'Romero', 'maria.romero.18@test.com', 'pass123', 196);
INSERT INTO usuarios (cedula, nombre, apellidos, correo, contrasena, id_direccion_principal) VALUES ('1501419498', 'Gabriela', 'Vargas', 'gabriela.vargas.19@test.com', 'pass123', 66);
INSERT INTO usuarios (cedula, nombre, apellidos, correo, contrasena, id_direccion_principal) VALUES ('1500614816', 'Gabriela', 'Rodriguez', 'gabriela.rodriguez.20@test.com', 'pass123', 191);
INSERT INTO usuarios (cedula, nombre, apellidos, correo, contrasena, id_direccion_principal) VALUES ('1481613974', 'Fernanda', 'Silva', 'fernanda.silva.21@test.com', 'pass123', 129);
INSERT INTO usuarios (cedula, nombre, apellidos, correo, contrasena, id_direccion_principal) VALUES ('1547032162', 'Carlos', 'Sanchez', 'carlos.sanchez.22@test.com', 'pass123', 135);
INSERT INTO usuarios (cedula, nombre, apellidos, correo, contrasena, id_direccion_principal) VALUES ('1939690564', 'Carlos', 'Vargas', 'carlos.vargas.23@test.com', 'pass123', 51);
INSERT INTO usuarios (cedula, nombre, apellidos, correo, contrasena, id_direccion_principal) VALUES ('1715315175', 'Ana', 'Rodriguez', 'ana.rodriguez.24@test.com', 'pass123', 127);
INSERT INTO usuarios (cedula, nombre, apellidos, correo, contrasena, id_direccion_principal) VALUES ('1682316766', 'Gabriela', 'Vargas', 'gabriela.vargas.25@test.com', 'pass123', 123);
INSERT INTO usuarios (cedula, nombre, apellidos, correo, contrasena, id_direccion_principal) VALUES ('1666400356', 'Carlos', 'Gomez', 'carlos.gomez.26@test.com', 'pass123', 158);
INSERT INTO usuarios (cedula, nombre, apellidos, correo, contrasena, id_direccion_principal) VALUES ('1018308680', 'Gabriela', 'Rodriguez', 'gabriela.rodriguez.27@test.com', 'pass123', 87);
INSERT INTO usuarios (cedula, nombre, apellidos, correo, contrasena, id_direccion_principal) VALUES ('1233273934', 'Gabriela', 'Lopez', 'gabriela.lopez.28@test.com', 'pass123', 27);
INSERT INTO usuarios (cedula, nombre, apellidos, correo, contrasena, id_direccion_principal) VALUES ('1441940226', 'Luis', 'Perez', 'luis.perez.29@test.com', 'pass123', 21);
INSERT INTO usuarios (cedula, nombre, apellidos, correo, contrasena, id_direccion_principal) VALUES ('1787270690', 'Fernanda', 'Sanchez', 'fernanda.sanchez.30@test.com', 'pass123', 15);
INSERT INTO usuarios (cedula, nombre, apellidos, correo, contrasena, id_direccion_principal) VALUES ('1228078996', 'Maria', 'Perez', 'maria.perez.31@test.com', 'pass123', 128);
INSERT INTO usuarios (cedula, nombre, apellidos, correo, contrasena, id_direccion_principal) VALUES ('1260304874', 'Carlos', 'Rodriguez', 'carlos.rodriguez.32@test.com', 'pass123', 175);
INSERT INTO usuarios (cedula, nombre, apellidos, correo, contrasena, id_direccion_principal) VALUES ('1611604541', 'Fernanda', 'Silva', 'fernanda.silva.33@test.com', 'pass123', 101);
INSERT INTO usuarios (cedula, nombre, apellidos, correo, contrasena, id_direccion_principal) VALUES ('1351960267', 'Jose', 'Romero', 'jose.romero.34@test.com', 'pass123', 21);
INSERT INTO usuarios (cedula, nombre, apellidos, correo, contrasena, id_direccion_principal) VALUES ('1149693398', 'Fernanda', 'Romero', 'fernanda.romero.35@test.com', 'pass123', 155);
INSERT INTO usuarios (cedula, nombre, apellidos, correo, contrasena, id_direccion_principal) VALUES ('1918376116', 'Carlos', 'Perez', 'carlos.perez.36@test.com', 'pass123', 68);
INSERT INTO usuarios (cedula, nombre, apellidos, correo, contrasena, id_direccion_principal) VALUES ('1117260939', 'Sofia', 'Rodriguez', 'sofia.rodriguez.37@test.com', 'pass123', 111);
INSERT INTO usuarios (cedula, nombre, apellidos, correo, contrasena, id_direccion_principal) VALUES ('1087336770', 'Gabriela', 'Rodriguez', 'gabriela.rodriguez.38@test.com', 'pass123', 50);
INSERT INTO usuarios (cedula, nombre, apellidos, correo, contrasena, id_direccion_principal) VALUES ('1318004949', 'Ana', 'Gomez', 'ana.gomez.39@test.com', 'pass123', 116);
INSERT INTO usuarios (cedula, nombre, apellidos, correo, contrasena, id_direccion_principal) VALUES ('1191574025', 'Carlos', 'Sanchez', 'carlos.sanchez.40@test.com', 'pass123', 25);
INSERT INTO usuarios (cedula, nombre, apellidos, correo, contrasena, id_direccion_principal) VALUES ('1437559580', 'Sofia', 'Silva', 'sofia.silva.41@test.com', 'pass123', 45);
INSERT INTO usuarios (cedula, nombre, apellidos, correo, contrasena, id_direccion_principal) VALUES ('1204900474', 'Gabriela', 'Sanchez', 'gabriela.sanchez.42@test.com', 'pass123', 79);
INSERT INTO usuarios (cedula, nombre, apellidos, correo, contrasena, id_direccion_principal) VALUES ('1562963929', 'Jose', 'Silva', 'jose.silva.43@test.com', 'pass123', 138);
INSERT INTO usuarios (cedula, nombre, apellidos, correo, contrasena, id_direccion_principal) VALUES ('1781088615', 'Sofia', 'Martinez', 'sofia.martinez.44@test.com', 'pass123', 97);
INSERT INTO usuarios (cedula, nombre, apellidos, correo, contrasena, id_direccion_principal) VALUES ('1521337761', 'Gabriela', 'Romero', 'gabriela.romero.45@test.com', 'pass123', 132);
INSERT INTO usuarios (cedula, nombre, apellidos, correo, contrasena, id_direccion_principal) VALUES ('1367538056', 'Pedro', 'Romero', 'pedro.romero.46@test.com', 'pass123', 3);
INSERT INTO usuarios (cedula, nombre, apellidos, correo, contrasena, id_direccion_principal) VALUES ('1838909209', 'Sofia', 'Perez', 'sofia.perez.47@test.com', 'pass123', 74);
INSERT INTO usuarios (cedula, nombre, apellidos, correo, contrasena, id_direccion_principal) VALUES ('1600426457', 'Pedro', 'Sanchez', 'pedro.sanchez.48@test.com', 'pass123', 197);
INSERT INTO usuarios (cedula, nombre, apellidos, correo, contrasena, id_direccion_principal) VALUES ('1813359541', 'Pedro', 'Lopez', 'pedro.lopez.49@test.com', 'pass123', 51);
INSERT INTO usuarios (cedula, nombre, apellidos, correo, contrasena, id_direccion_principal) VALUES ('1423921939', 'Gabriela', 'Romero', 'gabriela.romero.50@test.com', 'pass123', 112);
INSERT INTO usuarios (cedula, nombre, apellidos, correo, contrasena, id_direccion_principal) VALUES ('1241318928', 'Maria', 'Lopez', 'maria.lopez.51@test.com', 'pass123', 11);
INSERT INTO usuarios (cedula, nombre, apellidos, correo, contrasena, id_direccion_principal) VALUES ('1761971543', 'Ana', 'Rodriguez', 'ana.rodriguez.52@test.com', 'pass123', 104);
INSERT INTO usuarios (cedula, nombre, apellidos, correo, contrasena, id_direccion_principal) VALUES ('1212766293', 'Jose', 'Gomez', 'jose.gomez.53@test.com', 'pass123', 124);
INSERT INTO usuarios (cedula, nombre, apellidos, correo, contrasena, id_direccion_principal) VALUES ('1860192714', 'Ana', 'Sanchez', 'ana.sanchez.54@test.com', 'pass123', 103);
INSERT INTO usuarios (cedula, nombre, apellidos, correo, contrasena, id_direccion_principal) VALUES ('1137184085', 'Juan', 'Silva', 'juan.silva.55@test.com', 'pass123', 113);
INSERT INTO usuarios (cedula, nombre, apellidos, correo, contrasena, id_direccion_principal) VALUES ('1455979767', 'Fernanda', 'Rodriguez', 'fernanda.rodriguez.56@test.com', 'pass123', 63);
INSERT INTO usuarios (cedula, nombre, apellidos, correo, contrasena, id_direccion_principal) VALUES ('1680882421', 'Sofia', 'Mendoza', 'sofia.mendoza.57@test.com', 'pass123', 128);
INSERT INTO usuarios (cedula, nombre, apellidos, correo, contrasena, id_direccion_principal) VALUES ('1647155153', 'Sofia', 'Romero', 'sofia.romero.58@test.com', 'pass123', 123);
INSERT INTO usuarios (cedula, nombre, apellidos, correo, contrasena, id_direccion_principal) VALUES ('1424754427', 'Pedro', 'Martinez', 'pedro.martinez.59@test.com', 'pass123', 156);
INSERT INTO usuarios (cedula, nombre, apellidos, correo, contrasena, id_direccion_principal) VALUES ('1709587144', 'Sofia', 'Vargas', 'sofia.vargas.60@test.com', 'pass123', 172);
INSERT INTO usuarios (cedula, nombre, apellidos, correo, contrasena, id_direccion_principal) VALUES ('1851784975', 'Pedro', 'Lopez', 'pedro.lopez.61@test.com', 'pass123', 13);
INSERT INTO usuarios (cedula, nombre, apellidos, correo, contrasena, id_direccion_principal) VALUES ('1824378651', 'Maria', 'Mendoza', 'maria.mendoza.62@test.com', 'pass123', 5);
INSERT INTO usuarios (cedula, nombre, apellidos, correo, contrasena, id_direccion_principal) VALUES ('1654855502', 'Fernanda', 'Gomez', 'fernanda.gomez.63@test.com', 'pass123', 197);
INSERT INTO usuarios (cedula, nombre, apellidos, correo, contrasena, id_direccion_principal) VALUES ('1700969759', 'Juan', 'Sanchez', 'juan.sanchez.64@test.com', 'pass123', 98);
INSERT INTO usuarios (cedula, nombre, apellidos, correo, contrasena, id_direccion_principal) VALUES ('1821485841', 'Fernanda', 'Romero', 'fernanda.romero.65@test.com', 'pass123', 47);
INSERT INTO usuarios (cedula, nombre, apellidos, correo, contrasena, id_direccion_principal) VALUES ('1297154331', 'Jose', 'Martinez', 'jose.martinez.66@test.com', 'pass123', 131);
INSERT INTO usuarios (cedula, nombre, apellidos, correo, contrasena, id_direccion_principal) VALUES ('1205818204', 'Jose', 'Perez', 'jose.perez.67@test.com', 'pass123', 8);
INSERT INTO usuarios (cedula, nombre, apellidos, correo, contrasena, id_direccion_principal) VALUES ('1690796362', 'Juan', 'Rodriguez', 'juan.rodriguez.68@test.com', 'pass123', 82);
INSERT INTO usuarios (cedula, nombre, apellidos, correo, contrasena, id_direccion_principal) VALUES ('1805944684', 'Carlos', 'Mendoza', 'carlos.mendoza.69@test.com', 'pass123', 62);
INSERT INTO usuarios (cedula, nombre, apellidos, correo, contrasena, id_direccion_principal) VALUES ('1688210748', 'Maria', 'Perez', 'maria.perez.70@test.com', 'pass123', 11);
INSERT INTO usuarios (cedula, nombre, apellidos, correo, contrasena, id_direccion_principal) VALUES ('1723224744', 'Luis', 'Vargas', 'luis.vargas.71@test.com', 'pass123', 71);
INSERT INTO usuarios (cedula, nombre, apellidos, correo, contrasena, id_direccion_principal) VALUES ('1496849847', 'Ana', 'Rodriguez', 'ana.rodriguez.72@test.com', 'pass123', 18);
INSERT INTO usuarios (cedula, nombre, apellidos, correo, contrasena, id_direccion_principal) VALUES ('1784736364', 'Luis', 'Romero', 'luis.romero.73@test.com', 'pass123', 167);
INSERT INTO usuarios (cedula, nombre, apellidos, correo, contrasena, id_direccion_principal) VALUES ('1729481817', 'Ana', 'Mendoza', 'ana.mendoza.74@test.com', 'pass123', 142);
INSERT INTO usuarios (cedula, nombre, apellidos, correo, contrasena, id_direccion_principal) VALUES ('1826790121', 'Pedro', 'Mendoza', 'pedro.mendoza.75@test.com', 'pass123', 114);
INSERT INTO usuarios (cedula, nombre, apellidos, correo, contrasena, id_direccion_principal) VALUES ('1851165979', 'Ana', 'Rodriguez', 'ana.rodriguez.76@test.com', 'pass123', 11);
INSERT INTO usuarios (cedula, nombre, apellidos, correo, contrasena, id_direccion_principal) VALUES ('1837541459', 'Carlos', 'Martinez', 'carlos.martinez.77@test.com', 'pass123', 36);
INSERT INTO usuarios (cedula, nombre, apellidos, correo, contrasena, id_direccion_principal) VALUES ('1579031519', 'Gabriela', 'Lopez', 'gabriela.lopez.78@test.com', 'pass123', 63);
INSERT INTO usuarios (cedula, nombre, apellidos, correo, contrasena, id_direccion_principal) VALUES ('1630578794', 'Maria', 'Gomez', 'maria.gomez.79@test.com', 'pass123', 20);
INSERT INTO usuarios (cedula, nombre, apellidos, correo, contrasena, id_direccion_principal) VALUES ('1320882746', 'Sofia', 'Gomez', 'sofia.gomez.80@test.com', 'pass123', 59);
INSERT INTO usuarios (cedula, nombre, apellidos, correo, contrasena, id_direccion_principal) VALUES ('1667635861', 'Juan', 'Gomez', 'juan.gomez.81@test.com', 'pass123', 199);
INSERT INTO usuarios (cedula, nombre, apellidos, correo, contrasena, id_direccion_principal) VALUES ('1850862379', 'Fernanda', 'Sanchez', 'fernanda.sanchez.82@test.com', 'pass123', 16);
INSERT INTO usuarios (cedula, nombre, apellidos, correo, contrasena, id_direccion_principal) VALUES ('1000467203', 'Fernanda', 'Mendoza', 'fernanda.mendoza.83@test.com', 'pass123', 14);
INSERT INTO usuarios (cedula, nombre, apellidos, correo, contrasena, id_direccion_principal) VALUES ('1281869144', 'Carlos', 'Perez', 'carlos.perez.84@test.com', 'pass123', 53);
INSERT INTO usuarios (cedula, nombre, apellidos, correo, contrasena, id_direccion_principal) VALUES ('1356915741', 'Sofia', 'Rodriguez', 'sofia.rodriguez.85@test.com', 'pass123', 102);
INSERT INTO usuarios (cedula, nombre, apellidos, correo, contrasena, id_direccion_principal) VALUES ('1342509082', 'Pedro', 'Gomez', 'pedro.gomez.86@test.com', 'pass123', 80);
INSERT INTO usuarios (cedula, nombre, apellidos, correo, contrasena, id_direccion_principal) VALUES ('1083258900', 'Luis', 'Mendoza', 'luis.mendoza.87@test.com', 'pass123', 129);
INSERT INTO usuarios (cedula, nombre, apellidos, correo, contrasena, id_direccion_principal) VALUES ('1337041169', 'Ana', 'Rodriguez', 'ana.rodriguez.88@test.com', 'pass123', 58);
INSERT INTO usuarios (cedula, nombre, apellidos, correo, contrasena, id_direccion_principal) VALUES ('1760440392', 'Maria', 'Gomez', 'maria.gomez.89@test.com', 'pass123', 124);
INSERT INTO usuarios (cedula, nombre, apellidos, correo, contrasena, id_direccion_principal) VALUES ('1136967875', 'Sofia', 'Lopez', 'sofia.lopez.90@test.com', 'pass123', 153);
INSERT INTO usuarios (cedula, nombre, apellidos, correo, contrasena, id_direccion_principal) VALUES ('1303329597', 'Ana', 'Vargas', 'ana.vargas.91@test.com', 'pass123', 26);
INSERT INTO usuarios (cedula, nombre, apellidos, correo, contrasena, id_direccion_principal) VALUES ('1391241682', 'Maria', 'Lopez', 'maria.lopez.92@test.com', 'pass123', 128);
INSERT INTO usuarios (cedula, nombre, apellidos, correo, contrasena, id_direccion_principal) VALUES ('1815436362', 'Pedro', 'Gomez', 'pedro.gomez.93@test.com', 'pass123', 115);
INSERT INTO usuarios (cedula, nombre, apellidos, correo, contrasena, id_direccion_principal) VALUES ('1415689495', 'Juan', 'Gomez', 'juan.gomez.94@test.com', 'pass123', 83);
INSERT INTO usuarios (cedula, nombre, apellidos, correo, contrasena, id_direccion_principal) VALUES ('1672208800', 'Juan', 'Romero', 'juan.romero.95@test.com', 'pass123', 108);
INSERT INTO usuarios (cedula, nombre, apellidos, correo, contrasena, id_direccion_principal) VALUES ('1119530436', 'Fernanda', 'Gomez', 'fernanda.gomez.96@test.com', 'pass123', 63);
INSERT INTO usuarios (cedula, nombre, apellidos, correo, contrasena, id_direccion_principal) VALUES ('1380365352', 'Ana', 'Perez', 'ana.perez.97@test.com', 'pass123', 188);
INSERT INTO usuarios (cedula, nombre, apellidos, correo, contrasena, id_direccion_principal) VALUES ('1660648216', 'Fernanda', 'Sanchez', 'fernanda.sanchez.98@test.com', 'pass123', 19);
INSERT INTO usuarios (cedula, nombre, apellidos, correo, contrasena, id_direccion_principal) VALUES ('1981934655', 'Sofia', 'Lopez', 'sofia.lopez.99@test.com', 'pass123', 49);
-- Empresarios y Companias
INSERT INTO empresarios (usuario_cedula, cargo_empresa) VALUES ('1382583728', 'Gerente');
INSERT INTO companias (RUC, empresario_cedula, nombre_compania) VALUES ('1382583728001', '1382583728', 'Empresa 0');
INSERT INTO sucursales (id_direccion, compania_RUC) VALUES (194, '1382583728001');
INSERT INTO empresarios (usuario_cedula, cargo_empresa) VALUES ('1372277935', 'Gerente');
INSERT INTO companias (RUC, empresario_cedula, nombre_compania) VALUES ('1372277935001', '1372277935', 'Empresa 1');
INSERT INTO sucursales (id_direccion, compania_RUC) VALUES (154, '1372277935001');
INSERT INTO empresarios (usuario_cedula, cargo_empresa) VALUES ('1428942399', 'Gerente');
INSERT INTO companias (RUC, empresario_cedula, nombre_compania) VALUES ('1428942399001', '1428942399', 'Empresa 2');
INSERT INTO sucursales (id_direccion, compania_RUC) VALUES (87, '1428942399001');
INSERT INTO empresarios (usuario_cedula, cargo_empresa) VALUES ('1965642503', 'Gerente');
INSERT INTO companias (RUC, empresario_cedula, nombre_compania) VALUES ('1965642503001', '1965642503', 'Empresa 3');
INSERT INTO sucursales (id_direccion, compania_RUC) VALUES (33, '1965642503001');
INSERT INTO empresarios (usuario_cedula, cargo_empresa) VALUES ('1329227730', 'Gerente');
INSERT INTO companias (RUC, empresario_cedula, nombre_compania) VALUES ('1329227730001', '1329227730', 'Empresa 4');
INSERT INTO sucursales (id_direccion, compania_RUC) VALUES (39, '1329227730001');
INSERT INTO empresarios (usuario_cedula, cargo_empresa) VALUES ('1235608968', 'Gerente');
INSERT INTO companias (RUC, empresario_cedula, nombre_compania) VALUES ('1235608968001', '1235608968', 'Empresa 5');
INSERT INTO sucursales (id_direccion, compania_RUC) VALUES (147, '1235608968001');
INSERT INTO empresarios (usuario_cedula, cargo_empresa) VALUES ('1090086143', 'Gerente');
INSERT INTO companias (RUC, empresario_cedula, nombre_compania) VALUES ('1090086143001', '1090086143', 'Empresa 6');
INSERT INTO sucursales (id_direccion, compania_RUC) VALUES (170, '1090086143001');
INSERT INTO empresarios (usuario_cedula, cargo_empresa) VALUES ('1741190394', 'Gerente');
INSERT INTO companias (RUC, empresario_cedula, nombre_compania) VALUES ('1741190394001', '1741190394', 'Empresa 7');
INSERT INTO sucursales (id_direccion, compania_RUC) VALUES (195, '1741190394001');
INSERT INTO empresarios (usuario_cedula, cargo_empresa) VALUES ('1158309444', 'Gerente');
INSERT INTO companias (RUC, empresario_cedula, nombre_compania) VALUES ('1158309444001', '1158309444', 'Empresa 8');
INSERT INTO sucursales (id_direccion, compania_RUC) VALUES (132, '1158309444001');
INSERT INTO empresarios (usuario_cedula, cargo_empresa) VALUES ('1368386560', 'Gerente');
INSERT INTO companias (RUC, empresario_cedula, nombre_compania) VALUES ('1368386560001', '1368386560', 'Empresa 9');
INSERT INTO sucursales (id_direccion, compania_RUC) VALUES (146, '1368386560001');
-- Transportistas, Modelos y Vehiculos
INSERT INTO modelos (nombre_modelo, maximo_peso) VALUES ('Camion', 5000), ('Moto', 50);
INSERT INTO transportistas (usuario_cedula, numero_licencia) VALUES ('1428413454', '1428413454-LIC');
INSERT INTO vehiculos (transportista_cedula, nombre_modelo, placa) VALUES ('1428413454', 'Camion', 'ABC-399');
INSERT INTO transportistas (usuario_cedula, numero_licencia) VALUES ('1359351479', '1359351479-LIC');
INSERT INTO vehiculos (transportista_cedula, nombre_modelo, placa) VALUES ('1359351479', 'Moto', 'ABC-995');
INSERT INTO transportistas (usuario_cedula, numero_licencia) VALUES ('1572144810', '1572144810-LIC');
INSERT INTO vehiculos (transportista_cedula, nombre_modelo, placa) VALUES ('1572144810', 'Camion', 'ABC-954');
INSERT INTO transportistas (usuario_cedula, numero_licencia) VALUES ('1161494070', '1161494070-LIC');
INSERT INTO vehiculos (transportista_cedula, nombre_modelo, placa) VALUES ('1161494070', 'Camion', 'ABC-346');
INSERT INTO transportistas (usuario_cedula, numero_licencia) VALUES ('1050797477', '1050797477-LIC');
INSERT INTO vehiculos (transportista_cedula, nombre_modelo, placa) VALUES ('1050797477', 'Camion', 'ABC-215');
INSERT INTO transportistas (usuario_cedula, numero_licencia) VALUES ('1877012051', '1877012051-LIC');
INSERT INTO vehiculos (transportista_cedula, nombre_modelo, placa) VALUES ('1877012051', 'Camion', 'ABC-276');
INSERT INTO transportistas (usuario_cedula, numero_licencia) VALUES ('1576126304', '1576126304-LIC');
INSERT INTO vehiculos (transportista_cedula, nombre_modelo, placa) VALUES ('1576126304', 'Camion', 'ABC-746');
INSERT INTO transportistas (usuario_cedula, numero_licencia) VALUES ('1610743883', '1610743883-LIC');
INSERT INTO vehiculos (transportista_cedula, nombre_modelo, placa) VALUES ('1610743883', 'Moto', 'ABC-922');
INSERT INTO transportistas (usuario_cedula, numero_licencia) VALUES ('1502738972', '1502738972-LIC');
INSERT INTO vehiculos (transportista_cedula, nombre_modelo, placa) VALUES ('1502738972', 'Moto', 'ABC-429');
INSERT INTO transportistas (usuario_cedula, numero_licencia) VALUES ('1501419498', '1501419498-LIC');
INSERT INTO vehiculos (transportista_cedula, nombre_modelo, placa) VALUES ('1501419498', 'Moto', 'ABC-275');
INSERT INTO transportistas (usuario_cedula, numero_licencia) VALUES ('1500614816', '1500614816-LIC');
INSERT INTO vehiculos (transportista_cedula, nombre_modelo, placa) VALUES ('1500614816', 'Moto', 'ABC-642');
INSERT INTO transportistas (usuario_cedula, numero_licencia) VALUES ('1481613974', '1481613974-LIC');
INSERT INTO vehiculos (transportista_cedula, nombre_modelo, placa) VALUES ('1481613974', 'Camion', 'ABC-294');
INSERT INTO transportistas (usuario_cedula, numero_licencia) VALUES ('1547032162', '1547032162-LIC');
INSERT INTO vehiculos (transportista_cedula, nombre_modelo, placa) VALUES ('1547032162', 'Camion', 'ABC-572');
INSERT INTO transportistas (usuario_cedula, numero_licencia) VALUES ('1939690564', '1939690564-LIC');
INSERT INTO vehiculos (transportista_cedula, nombre_modelo, placa) VALUES ('1939690564', 'Moto', 'ABC-839');
INSERT INTO transportistas (usuario_cedula, numero_licencia) VALUES ('1715315175', '1715315175-LIC');
INSERT INTO vehiculos (transportista_cedula, nombre_modelo, placa) VALUES ('1715315175', 'Camion', 'ABC-644');
INSERT INTO transportistas (usuario_cedula, numero_licencia) VALUES ('1682316766', '1682316766-LIC');
INSERT INTO vehiculos (transportista_cedula, nombre_modelo, placa) VALUES ('1682316766', 'Moto', 'ABC-395');
INSERT INTO transportistas (usuario_cedula, numero_licencia) VALUES ('1666400356', '1666400356-LIC');
INSERT INTO vehiculos (transportista_cedula, nombre_modelo, placa) VALUES ('1666400356', 'Moto', 'ABC-743');
INSERT INTO transportistas (usuario_cedula, numero_licencia) VALUES ('1018308680', '1018308680-LIC');
INSERT INTO vehiculos (transportista_cedula, nombre_modelo, placa) VALUES ('1018308680', 'Moto', 'ABC-668');
INSERT INTO transportistas (usuario_cedula, numero_licencia) VALUES ('1233273934', '1233273934-LIC');
INSERT INTO vehiculos (transportista_cedula, nombre_modelo, placa) VALUES ('1233273934', 'Camion', 'ABC-402');
INSERT INTO transportistas (usuario_cedula, numero_licencia) VALUES ('1441940226', '1441940226-LIC');
INSERT INTO vehiculos (transportista_cedula, nombre_modelo, placa) VALUES ('1441940226', 'Moto', 'ABC-171');
-- Caracteristicas y Paquetes
INSERT INTO caracteristicas_paquete (tipo_paquete) VALUES ('Documentos');
INSERT INTO caracteristicas_paquete (tipo_paquete) VALUES ('Caja Pequena');
INSERT INTO caracteristicas_paquete (tipo_paquete) VALUES ('Caja Grande');
INSERT INTO caracteristicas_paquete (tipo_paquete) VALUES ('Electrodomestico');
INSERT INTO paquetes (id_paquete, descripcion, peso, tipo) VALUES (1, 'Paquete 1', 7.64, 'Caja Pequena');
INSERT INTO paquetes (id_paquete, descripcion, peso, tipo) VALUES (2, 'Paquete 2', 19.32, 'Caja Pequena');
INSERT INTO paquetes (id_paquete, descripcion, peso, tipo) VALUES (3, 'Paquete 3', 17.54, 'Caja Pequena');
INSERT INTO paquetes (id_paquete, descripcion, peso, tipo) VALUES (4, 'Paquete 4', 10.79, 'Caja Pequena');
INSERT INTO paquetes (id_paquete, descripcion, peso, tipo) VALUES (5, 'Paquete 5', 19.48, 'Caja Pequena');
INSERT INTO paquetes (id_paquete, descripcion, peso, tipo) VALUES (6, 'Paquete 6', 1.77, 'Caja Grande');
INSERT INTO paquetes (id_paquete, descripcion, peso, tipo) VALUES (7, 'Paquete 7', 18.74, 'Electrodomestico');
INSERT INTO paquetes (id_paquete, descripcion, peso, tipo) VALUES (8, 'Paquete 8', 6.17, 'Electrodomestico');
INSERT INTO paquetes (id_paquete, descripcion, peso, tipo) VALUES (9, 'Paquete 9', 1.66, 'Caja Pequena');
INSERT INTO paquetes (id_paquete, descripcion, peso, tipo) VALUES (10, 'Paquete 10', 16.98, 'Electrodomestico');
INSERT INTO paquetes (id_paquete, descripcion, peso, tipo) VALUES (11, 'Paquete 11', 6.04, 'Caja Pequena');
INSERT INTO paquetes (id_paquete, descripcion, peso, tipo) VALUES (12, 'Paquete 12', 16.13, 'Electrodomestico');
INSERT INTO paquetes (id_paquete, descripcion, peso, tipo) VALUES (13, 'Paquete 13', 15.43, 'Caja Pequena');
INSERT INTO paquetes (id_paquete, descripcion, peso, tipo) VALUES (14, 'Paquete 14', 11.74, 'Caja Grande');
INSERT INTO paquetes (id_paquete, descripcion, peso, tipo) VALUES (15, 'Paquete 15', 6.39, 'Electrodomestico');
INSERT INTO paquetes (id_paquete, descripcion, peso, tipo) VALUES (16, 'Paquete 16', 14.74, 'Documentos');
INSERT INTO paquetes (id_paquete, descripcion, peso, tipo) VALUES (17, 'Paquete 17', 3.39, 'Documentos');
INSERT INTO paquetes (id_paquete, descripcion, peso, tipo) VALUES (18, 'Paquete 18', 7.30, 'Electrodomestico');
INSERT INTO paquetes (id_paquete, descripcion, peso, tipo) VALUES (19, 'Paquete 19', 7.89, 'Caja Grande');
INSERT INTO paquetes (id_paquete, descripcion, peso, tipo) VALUES (20, 'Paquete 20', 11.69, 'Electrodomestico');
INSERT INTO paquetes (id_paquete, descripcion, peso, tipo) VALUES (21, 'Paquete 21', 4.38, 'Caja Pequena');
INSERT INTO paquetes (id_paquete, descripcion, peso, tipo) VALUES (22, 'Paquete 22', 10.80, 'Caja Pequena');
INSERT INTO paquetes (id_paquete, descripcion, peso, tipo) VALUES (23, 'Paquete 23', 9.88, 'Caja Pequena');
INSERT INTO paquetes (id_paquete, descripcion, peso, tipo) VALUES (24, 'Paquete 24', 3.00, 'Caja Pequena');
INSERT INTO paquetes (id_paquete, descripcion, peso, tipo) VALUES (25, 'Paquete 25', 6.67, 'Caja Grande');
INSERT INTO paquetes (id_paquete, descripcion, peso, tipo) VALUES (26, 'Paquete 26', 16.87, 'Documentos');
INSERT INTO paquetes (id_paquete, descripcion, peso, tipo) VALUES (27, 'Paquete 27', 11.45, 'Caja Pequena');
INSERT INTO paquetes (id_paquete, descripcion, peso, tipo) VALUES (28, 'Paquete 28', 11.27, 'Electrodomestico');
INSERT INTO paquetes (id_paquete, descripcion, peso, tipo) VALUES (29, 'Paquete 29', 3.10, 'Caja Pequena');
INSERT INTO paquetes (id_paquete, descripcion, peso, tipo) VALUES (30, 'Paquete 30', 9.31, 'Documentos');
INSERT INTO paquetes (id_paquete, descripcion, peso, tipo) VALUES (31, 'Paquete 31', 2.17, 'Caja Grande');
INSERT INTO paquetes (id_paquete, descripcion, peso, tipo) VALUES (32, 'Paquete 32', 10.72, 'Caja Grande');
INSERT INTO paquetes (id_paquete, descripcion, peso, tipo) VALUES (33, 'Paquete 33', 19.86, 'Electrodomestico');
INSERT INTO paquetes (id_paquete, descripcion, peso, tipo) VALUES (34, 'Paquete 34', 14.48, 'Caja Pequena');
INSERT INTO paquetes (id_paquete, descripcion, peso, tipo) VALUES (35, 'Paquete 35', 12.42, 'Caja Pequena');
INSERT INTO paquetes (id_paquete, descripcion, peso, tipo) VALUES (36, 'Paquete 36', 2.11, 'Caja Grande');
INSERT INTO paquetes (id_paquete, descripcion, peso, tipo) VALUES (37, 'Paquete 37', 11.53, 'Documentos');
INSERT INTO paquetes (id_paquete, descripcion, peso, tipo) VALUES (38, 'Paquete 38', 14.83, 'Electrodomestico');
INSERT INTO paquetes (id_paquete, descripcion, peso, tipo) VALUES (39, 'Paquete 39', 1.21, 'Caja Pequena');
INSERT INTO paquetes (id_paquete, descripcion, peso, tipo) VALUES (40, 'Paquete 40', 15.66, 'Electrodomestico');
INSERT INTO paquetes (id_paquete, descripcion, peso, tipo) VALUES (41, 'Paquete 41', 13.98, 'Caja Pequena');
INSERT INTO paquetes (id_paquete, descripcion, peso, tipo) VALUES (42, 'Paquete 42', 13.23, 'Caja Pequena');
INSERT INTO paquetes (id_paquete, descripcion, peso, tipo) VALUES (43, 'Paquete 43', 4.92, 'Electrodomestico');
INSERT INTO paquetes (id_paquete, descripcion, peso, tipo) VALUES (44, 'Paquete 44', 10.88, 'Electrodomestico');
INSERT INTO paquetes (id_paquete, descripcion, peso, tipo) VALUES (45, 'Paquete 45', 3.82, 'Electrodomestico');
INSERT INTO paquetes (id_paquete, descripcion, peso, tipo) VALUES (46, 'Paquete 46', 12.32, 'Documentos');
INSERT INTO paquetes (id_paquete, descripcion, peso, tipo) VALUES (47, 'Paquete 47', 3.59, 'Electrodomestico');
INSERT INTO paquetes (id_paquete, descripcion, peso, tipo) VALUES (48, 'Paquete 48', 8.70, 'Caja Pequena');
INSERT INTO paquetes (id_paquete, descripcion, peso, tipo) VALUES (49, 'Paquete 49', 5.86, 'Documentos');
INSERT INTO paquetes (id_paquete, descripcion, peso, tipo) VALUES (50, 'Paquete 50', 6.16, 'Documentos');
INSERT INTO paquetes (id_paquete, descripcion, peso, tipo) VALUES (51, 'Paquete 51', 18.39, 'Caja Pequena');
INSERT INTO paquetes (id_paquete, descripcion, peso, tipo) VALUES (52, 'Paquete 52', 17.38, 'Electrodomestico');
INSERT INTO paquetes (id_paquete, descripcion, peso, tipo) VALUES (53, 'Paquete 53', 17.58, 'Caja Grande');
INSERT INTO paquetes (id_paquete, descripcion, peso, tipo) VALUES (54, 'Paquete 54', 16.06, 'Caja Pequena');
INSERT INTO paquetes (id_paquete, descripcion, peso, tipo) VALUES (55, 'Paquete 55', 17.30, 'Caja Grande');
INSERT INTO paquetes (id_paquete, descripcion, peso, tipo) VALUES (56, 'Paquete 56', 19.62, 'Caja Grande');
INSERT INTO paquetes (id_paquete, descripcion, peso, tipo) VALUES (57, 'Paquete 57', 13.39, 'Caja Pequena');
INSERT INTO paquetes (id_paquete, descripcion, peso, tipo) VALUES (58, 'Paquete 58', 5.65, 'Documentos');
INSERT INTO paquetes (id_paquete, descripcion, peso, tipo) VALUES (59, 'Paquete 59', 11.36, 'Caja Pequena');
INSERT INTO paquetes (id_paquete, descripcion, peso, tipo) VALUES (60, 'Paquete 60', 12.90, 'Documentos');
INSERT INTO paquetes (id_paquete, descripcion, peso, tipo) VALUES (61, 'Paquete 61', 1.87, 'Caja Pequena');
INSERT INTO paquetes (id_paquete, descripcion, peso, tipo) VALUES (62, 'Paquete 62', 3.88, 'Caja Grande');
INSERT INTO paquetes (id_paquete, descripcion, peso, tipo) VALUES (63, 'Paquete 63', 4.29, 'Documentos');
INSERT INTO paquetes (id_paquete, descripcion, peso, tipo) VALUES (64, 'Paquete 64', 8.69, 'Caja Pequena');
INSERT INTO paquetes (id_paquete, descripcion, peso, tipo) VALUES (65, 'Paquete 65', 13.94, 'Caja Grande');
INSERT INTO paquetes (id_paquete, descripcion, peso, tipo) VALUES (66, 'Paquete 66', 7.77, 'Documentos');
INSERT INTO paquetes (id_paquete, descripcion, peso, tipo) VALUES (67, 'Paquete 67', 16.52, 'Documentos');
INSERT INTO paquetes (id_paquete, descripcion, peso, tipo) VALUES (68, 'Paquete 68', 16.15, 'Electrodomestico');
INSERT INTO paquetes (id_paquete, descripcion, peso, tipo) VALUES (69, 'Paquete 69', 9.23, 'Documentos');
INSERT INTO paquetes (id_paquete, descripcion, peso, tipo) VALUES (70, 'Paquete 70', 1.98, 'Caja Pequena');
INSERT INTO paquetes (id_paquete, descripcion, peso, tipo) VALUES (71, 'Paquete 71', 16.89, 'Documentos');
INSERT INTO paquetes (id_paquete, descripcion, peso, tipo) VALUES (72, 'Paquete 72', 16.55, 'Documentos');
INSERT INTO paquetes (id_paquete, descripcion, peso, tipo) VALUES (73, 'Paquete 73', 12.71, 'Documentos');
INSERT INTO paquetes (id_paquete, descripcion, peso, tipo) VALUES (74, 'Paquete 74', 3.83, 'Documentos');
INSERT INTO paquetes (id_paquete, descripcion, peso, tipo) VALUES (75, 'Paquete 75', 15.11, 'Documentos');
INSERT INTO paquetes (id_paquete, descripcion, peso, tipo) VALUES (76, 'Paquete 76', 9.93, 'Caja Grande');
INSERT INTO paquetes (id_paquete, descripcion, peso, tipo) VALUES (77, 'Paquete 77', 13.94, 'Caja Pequena');
INSERT INTO paquetes (id_paquete, descripcion, peso, tipo) VALUES (78, 'Paquete 78', 10.41, 'Documentos');
INSERT INTO paquetes (id_paquete, descripcion, peso, tipo) VALUES (79, 'Paquete 79', 11.67, 'Caja Pequena');
INSERT INTO paquetes (id_paquete, descripcion, peso, tipo) VALUES (80, 'Paquete 80', 10.79, 'Caja Pequena');
INSERT INTO paquetes (id_paquete, descripcion, peso, tipo) VALUES (81, 'Paquete 81', 2.91, 'Documentos');
INSERT INTO paquetes (id_paquete, descripcion, peso, tipo) VALUES (82, 'Paquete 82', 19.02, 'Documentos');
INSERT INTO paquetes (id_paquete, descripcion, peso, tipo) VALUES (83, 'Paquete 83', 19.70, 'Caja Grande');
INSERT INTO paquetes (id_paquete, descripcion, peso, tipo) VALUES (84, 'Paquete 84', 6.23, 'Caja Grande');
INSERT INTO paquetes (id_paquete, descripcion, peso, tipo) VALUES (85, 'Paquete 85', 17.03, 'Caja Grande');
INSERT INTO paquetes (id_paquete, descripcion, peso, tipo) VALUES (86, 'Paquete 86', 8.62, 'Caja Pequena');
INSERT INTO paquetes (id_paquete, descripcion, peso, tipo) VALUES (87, 'Paquete 87', 10.46, 'Caja Grande');
INSERT INTO paquetes (id_paquete, descripcion, peso, tipo) VALUES (88, 'Paquete 88', 11.66, 'Caja Grande');
INSERT INTO paquetes (id_paquete, descripcion, peso, tipo) VALUES (89, 'Paquete 89', 16.65, 'Documentos');
INSERT INTO paquetes (id_paquete, descripcion, peso, tipo) VALUES (90, 'Paquete 90', 15.12, 'Caja Pequena');
INSERT INTO paquetes (id_paquete, descripcion, peso, tipo) VALUES (91, 'Paquete 91', 13.35, 'Caja Grande');
INSERT INTO paquetes (id_paquete, descripcion, peso, tipo) VALUES (92, 'Paquete 92', 15.77, 'Documentos');
INSERT INTO paquetes (id_paquete, descripcion, peso, tipo) VALUES (93, 'Paquete 93', 16.70, 'Caja Pequena');
INSERT INTO paquetes (id_paquete, descripcion, peso, tipo) VALUES (94, 'Paquete 94', 10.20, 'Caja Grande');
INSERT INTO paquetes (id_paquete, descripcion, peso, tipo) VALUES (95, 'Paquete 95', 3.58, 'Documentos');
INSERT INTO paquetes (id_paquete, descripcion, peso, tipo) VALUES (96, 'Paquete 96', 5.72, 'Caja Grande');
INSERT INTO paquetes (id_paquete, descripcion, peso, tipo) VALUES (97, 'Paquete 97', 11.23, 'Caja Pequena');
INSERT INTO paquetes (id_paquete, descripcion, peso, tipo) VALUES (98, 'Paquete 98', 3.06, 'Caja Pequena');
INSERT INTO paquetes (id_paquete, descripcion, peso, tipo) VALUES (99, 'Paquete 99', 7.15, 'Caja Pequena');
INSERT INTO paquetes (id_paquete, descripcion, peso, tipo) VALUES (100, 'Paquete 100', 1.37, 'Electrodomestico');
INSERT INTO paquetes (id_paquete, descripcion, peso, tipo) VALUES (101, 'Paquete 101', 3.13, 'Documentos');
INSERT INTO paquetes (id_paquete, descripcion, peso, tipo) VALUES (102, 'Paquete 102', 11.00, 'Electrodomestico');
INSERT INTO paquetes (id_paquete, descripcion, peso, tipo) VALUES (103, 'Paquete 103', 13.02, 'Documentos');
INSERT INTO paquetes (id_paquete, descripcion, peso, tipo) VALUES (104, 'Paquete 104', 5.66, 'Electrodomestico');
INSERT INTO paquetes (id_paquete, descripcion, peso, tipo) VALUES (105, 'Paquete 105', 16.97, 'Caja Pequena');
INSERT INTO paquetes (id_paquete, descripcion, peso, tipo) VALUES (106, 'Paquete 106', 4.14, 'Caja Pequena');
INSERT INTO paquetes (id_paquete, descripcion, peso, tipo) VALUES (107, 'Paquete 107', 12.88, 'Caja Grande');
INSERT INTO paquetes (id_paquete, descripcion, peso, tipo) VALUES (108, 'Paquete 108', 4.16, 'Documentos');
INSERT INTO paquetes (id_paquete, descripcion, peso, tipo) VALUES (109, 'Paquete 109', 18.14, 'Caja Grande');
INSERT INTO paquetes (id_paquete, descripcion, peso, tipo) VALUES (110, 'Paquete 110', 1.34, 'Electrodomestico');
INSERT INTO paquetes (id_paquete, descripcion, peso, tipo) VALUES (111, 'Paquete 111', 8.03, 'Documentos');
INSERT INTO paquetes (id_paquete, descripcion, peso, tipo) VALUES (112, 'Paquete 112', 19.65, 'Caja Grande');
INSERT INTO paquetes (id_paquete, descripcion, peso, tipo) VALUES (113, 'Paquete 113', 15.66, 'Caja Grande');
INSERT INTO paquetes (id_paquete, descripcion, peso, tipo) VALUES (114, 'Paquete 114', 4.71, 'Caja Pequena');
INSERT INTO paquetes (id_paquete, descripcion, peso, tipo) VALUES (115, 'Paquete 115', 19.80, 'Documentos');
INSERT INTO paquetes (id_paquete, descripcion, peso, tipo) VALUES (116, 'Paquete 116', 16.65, 'Caja Grande');
INSERT INTO paquetes (id_paquete, descripcion, peso, tipo) VALUES (117, 'Paquete 117', 10.78, 'Caja Pequena');
INSERT INTO paquetes (id_paquete, descripcion, peso, tipo) VALUES (118, 'Paquete 118', 3.27, 'Documentos');
INSERT INTO paquetes (id_paquete, descripcion, peso, tipo) VALUES (119, 'Paquete 119', 13.07, 'Caja Pequena');
INSERT INTO paquetes (id_paquete, descripcion, peso, tipo) VALUES (120, 'Paquete 120', 12.21, 'Caja Pequena');
INSERT INTO paquetes (id_paquete, descripcion, peso, tipo) VALUES (121, 'Paquete 121', 7.63, 'Electrodomestico');
INSERT INTO paquetes (id_paquete, descripcion, peso, tipo) VALUES (122, 'Paquete 122', 4.96, 'Documentos');
INSERT INTO paquetes (id_paquete, descripcion, peso, tipo) VALUES (123, 'Paquete 123', 17.57, 'Caja Grande');
INSERT INTO paquetes (id_paquete, descripcion, peso, tipo) VALUES (124, 'Paquete 124', 6.76, 'Electrodomestico');
INSERT INTO paquetes (id_paquete, descripcion, peso, tipo) VALUES (125, 'Paquete 125', 1.50, 'Caja Pequena');
INSERT INTO paquetes (id_paquete, descripcion, peso, tipo) VALUES (126, 'Paquete 126', 4.86, 'Caja Pequena');
INSERT INTO paquetes (id_paquete, descripcion, peso, tipo) VALUES (127, 'Paquete 127', 8.91, 'Electrodomestico');
INSERT INTO paquetes (id_paquete, descripcion, peso, tipo) VALUES (128, 'Paquete 128', 2.38, 'Electrodomestico');
INSERT INTO paquetes (id_paquete, descripcion, peso, tipo) VALUES (129, 'Paquete 129', 14.66, 'Electrodomestico');
INSERT INTO paquetes (id_paquete, descripcion, peso, tipo) VALUES (130, 'Paquete 130', 8.62, 'Caja Pequena');
INSERT INTO paquetes (id_paquete, descripcion, peso, tipo) VALUES (131, 'Paquete 131', 4.48, 'Documentos');
INSERT INTO paquetes (id_paquete, descripcion, peso, tipo) VALUES (132, 'Paquete 132', 7.03, 'Caja Pequena');
INSERT INTO paquetes (id_paquete, descripcion, peso, tipo) VALUES (133, 'Paquete 133', 16.47, 'Electrodomestico');
INSERT INTO paquetes (id_paquete, descripcion, peso, tipo) VALUES (134, 'Paquete 134', 11.43, 'Documentos');
INSERT INTO paquetes (id_paquete, descripcion, peso, tipo) VALUES (135, 'Paquete 135', 19.94, 'Electrodomestico');
INSERT INTO paquetes (id_paquete, descripcion, peso, tipo) VALUES (136, 'Paquete 136', 13.20, 'Caja Pequena');
INSERT INTO paquetes (id_paquete, descripcion, peso, tipo) VALUES (137, 'Paquete 137', 9.33, 'Caja Grande');
INSERT INTO paquetes (id_paquete, descripcion, peso, tipo) VALUES (138, 'Paquete 138', 16.99, 'Electrodomestico');
INSERT INTO paquetes (id_paquete, descripcion, peso, tipo) VALUES (139, 'Paquete 139', 5.02, 'Documentos');
INSERT INTO paquetes (id_paquete, descripcion, peso, tipo) VALUES (140, 'Paquete 140', 6.34, 'Caja Pequena');
INSERT INTO paquetes (id_paquete, descripcion, peso, tipo) VALUES (141, 'Paquete 141', 4.63, 'Caja Grande');
INSERT INTO paquetes (id_paquete, descripcion, peso, tipo) VALUES (142, 'Paquete 142', 2.26, 'Electrodomestico');
INSERT INTO paquetes (id_paquete, descripcion, peso, tipo) VALUES (143, 'Paquete 143', 7.95, 'Documentos');
INSERT INTO paquetes (id_paquete, descripcion, peso, tipo) VALUES (144, 'Paquete 144', 2.47, 'Caja Pequena');
INSERT INTO paquetes (id_paquete, descripcion, peso, tipo) VALUES (145, 'Paquete 145', 13.18, 'Caja Grande');
INSERT INTO paquetes (id_paquete, descripcion, peso, tipo) VALUES (146, 'Paquete 146', 15.22, 'Electrodomestico');
INSERT INTO paquetes (id_paquete, descripcion, peso, tipo) VALUES (147, 'Paquete 147', 4.24, 'Electrodomestico');
INSERT INTO paquetes (id_paquete, descripcion, peso, tipo) VALUES (148, 'Paquete 148', 14.96, 'Documentos');
INSERT INTO paquetes (id_paquete, descripcion, peso, tipo) VALUES (149, 'Paquete 149', 15.02, 'Caja Grande');
INSERT INTO paquetes (id_paquete, descripcion, peso, tipo) VALUES (150, 'Paquete 150', 4.17, 'Caja Grande');
INSERT INTO paquetes (id_paquete, descripcion, peso, tipo) VALUES (151, 'Paquete 151', 10.23, 'Documentos');
INSERT INTO paquetes (id_paquete, descripcion, peso, tipo) VALUES (152, 'Paquete 152', 9.40, 'Documentos');
INSERT INTO paquetes (id_paquete, descripcion, peso, tipo) VALUES (153, 'Paquete 153', 15.51, 'Caja Pequena');
INSERT INTO paquetes (id_paquete, descripcion, peso, tipo) VALUES (154, 'Paquete 154', 6.04, 'Caja Grande');
INSERT INTO paquetes (id_paquete, descripcion, peso, tipo) VALUES (155, 'Paquete 155', 7.96, 'Caja Grande');
INSERT INTO paquetes (id_paquete, descripcion, peso, tipo) VALUES (156, 'Paquete 156', 6.84, 'Documentos');
INSERT INTO paquetes (id_paquete, descripcion, peso, tipo) VALUES (157, 'Paquete 157', 16.83, 'Electrodomestico');
INSERT INTO paquetes (id_paquete, descripcion, peso, tipo) VALUES (158, 'Paquete 158', 8.81, 'Electrodomestico');
INSERT INTO paquetes (id_paquete, descripcion, peso, tipo) VALUES (159, 'Paquete 159', 13.43, 'Caja Pequena');
INSERT INTO paquetes (id_paquete, descripcion, peso, tipo) VALUES (160, 'Paquete 160', 2.58, 'Documentos');
INSERT INTO paquetes (id_paquete, descripcion, peso, tipo) VALUES (161, 'Paquete 161', 7.23, 'Documentos');
INSERT INTO paquetes (id_paquete, descripcion, peso, tipo) VALUES (162, 'Paquete 162', 15.17, 'Electrodomestico');
INSERT INTO paquetes (id_paquete, descripcion, peso, tipo) VALUES (163, 'Paquete 163', 9.16, 'Caja Pequena');
INSERT INTO paquetes (id_paquete, descripcion, peso, tipo) VALUES (164, 'Paquete 164', 10.41, 'Caja Pequena');
INSERT INTO paquetes (id_paquete, descripcion, peso, tipo) VALUES (165, 'Paquete 165', 11.30, 'Electrodomestico');
INSERT INTO paquetes (id_paquete, descripcion, peso, tipo) VALUES (166, 'Paquete 166', 2.54, 'Electrodomestico');
INSERT INTO paquetes (id_paquete, descripcion, peso, tipo) VALUES (167, 'Paquete 167', 13.43, 'Caja Grande');
INSERT INTO paquetes (id_paquete, descripcion, peso, tipo) VALUES (168, 'Paquete 168', 3.90, 'Documentos');
INSERT INTO paquetes (id_paquete, descripcion, peso, tipo) VALUES (169, 'Paquete 169', 5.69, 'Caja Grande');
INSERT INTO paquetes (id_paquete, descripcion, peso, tipo) VALUES (170, 'Paquete 170', 1.26, 'Caja Pequena');
INSERT INTO paquetes (id_paquete, descripcion, peso, tipo) VALUES (171, 'Paquete 171', 1.17, 'Caja Grande');
INSERT INTO paquetes (id_paquete, descripcion, peso, tipo) VALUES (172, 'Paquete 172', 14.49, 'Documentos');
INSERT INTO paquetes (id_paquete, descripcion, peso, tipo) VALUES (173, 'Paquete 173', 14.11, 'Caja Pequena');
INSERT INTO paquetes (id_paquete, descripcion, peso, tipo) VALUES (174, 'Paquete 174', 11.70, 'Documentos');
INSERT INTO paquetes (id_paquete, descripcion, peso, tipo) VALUES (175, 'Paquete 175', 10.15, 'Caja Grande');
INSERT INTO paquetes (id_paquete, descripcion, peso, tipo) VALUES (176, 'Paquete 176', 13.26, 'Documentos');
INSERT INTO paquetes (id_paquete, descripcion, peso, tipo) VALUES (177, 'Paquete 177', 18.64, 'Electrodomestico');
INSERT INTO paquetes (id_paquete, descripcion, peso, tipo) VALUES (178, 'Paquete 178', 16.52, 'Caja Pequena');
INSERT INTO paquetes (id_paquete, descripcion, peso, tipo) VALUES (179, 'Paquete 179', 7.91, 'Documentos');
INSERT INTO paquetes (id_paquete, descripcion, peso, tipo) VALUES (180, 'Paquete 180', 13.53, 'Caja Pequena');
INSERT INTO paquetes (id_paquete, descripcion, peso, tipo) VALUES (181, 'Paquete 181', 14.85, 'Caja Grande');
INSERT INTO paquetes (id_paquete, descripcion, peso, tipo) VALUES (182, 'Paquete 182', 8.50, 'Electrodomestico');
INSERT INTO paquetes (id_paquete, descripcion, peso, tipo) VALUES (183, 'Paquete 183', 12.03, 'Electrodomestico');
INSERT INTO paquetes (id_paquete, descripcion, peso, tipo) VALUES (184, 'Paquete 184', 14.90, 'Documentos');
INSERT INTO paquetes (id_paquete, descripcion, peso, tipo) VALUES (185, 'Paquete 185', 9.22, 'Electrodomestico');
INSERT INTO paquetes (id_paquete, descripcion, peso, tipo) VALUES (186, 'Paquete 186', 7.50, 'Documentos');
INSERT INTO paquetes (id_paquete, descripcion, peso, tipo) VALUES (187, 'Paquete 187', 4.51, 'Caja Pequena');
INSERT INTO paquetes (id_paquete, descripcion, peso, tipo) VALUES (188, 'Paquete 188', 11.08, 'Caja Grande');
INSERT INTO paquetes (id_paquete, descripcion, peso, tipo) VALUES (189, 'Paquete 189', 9.17, 'Documentos');
INSERT INTO paquetes (id_paquete, descripcion, peso, tipo) VALUES (190, 'Paquete 190', 8.83, 'Caja Grande');
INSERT INTO paquetes (id_paquete, descripcion, peso, tipo) VALUES (191, 'Paquete 191', 16.69, 'Electrodomestico');
INSERT INTO paquetes (id_paquete, descripcion, peso, tipo) VALUES (192, 'Paquete 192', 6.79, 'Caja Grande');
INSERT INTO paquetes (id_paquete, descripcion, peso, tipo) VALUES (193, 'Paquete 193', 9.96, 'Caja Grande');
INSERT INTO paquetes (id_paquete, descripcion, peso, tipo) VALUES (194, 'Paquete 194', 16.81, 'Caja Grande');
INSERT INTO paquetes (id_paquete, descripcion, peso, tipo) VALUES (195, 'Paquete 195', 4.61, 'Caja Grande');
INSERT INTO paquetes (id_paquete, descripcion, peso, tipo) VALUES (196, 'Paquete 196', 2.97, 'Caja Grande');
INSERT INTO paquetes (id_paquete, descripcion, peso, tipo) VALUES (197, 'Paquete 197', 6.50, 'Electrodomestico');
INSERT INTO paquetes (id_paquete, descripcion, peso, tipo) VALUES (198, 'Paquete 198', 5.57, 'Caja Grande');
INSERT INTO paquetes (id_paquete, descripcion, peso, tipo) VALUES (199, 'Paquete 199', 10.91, 'Caja Pequena');
INSERT INTO paquetes (id_paquete, descripcion, peso, tipo) VALUES (200, 'Paquete 200', 6.40, 'Caja Pequena');
-- Envios
INSERT INTO envios (sucursal_RUC, sucursal_id_direccion, id_direccion_entrega, transportista_cedula, id_paquete, tarifa, estado) VALUES ('1090086143001', 170, 14, '1610743883', 1, 26.52, 'Entregado');
INSERT INTO envios (sucursal_RUC, sucursal_id_direccion, id_direccion_entrega, transportista_cedula, id_paquete, tarifa, estado) VALUES ('1428942399001', 87, 111, '1682316766', 2, 28.50, 'Entregado');
INSERT INTO envios (sucursal_RUC, sucursal_id_direccion, id_direccion_entrega, transportista_cedula, id_paquete, tarifa, estado) VALUES ('1741190394001', 195, 7, '1939690564', 3, 7.52, 'Entregado');
INSERT INTO envios (sucursal_RUC, sucursal_id_direccion, id_direccion_entrega, transportista_cedula, id_paquete, tarifa, estado) VALUES ('1965642503001', 33, 146, '1666400356', 4, 48.50, 'Entregado');
INSERT INTO envios (sucursal_RUC, sucursal_id_direccion, id_direccion_entrega, transportista_cedula, id_paquete, tarifa, estado) VALUES ('1368386560001', 146, 197, '1939690564', 5, 39.94, 'Entregado');
INSERT INTO envios (sucursal_RUC, sucursal_id_direccion, id_direccion_entrega, transportista_cedula, id_paquete, tarifa, estado) VALUES ('1368386560001', 146, 135, '1682316766', 6, 19.15, 'Entregado');
INSERT INTO envios (sucursal_RUC, sucursal_id_direccion, id_direccion_entrega, transportista_cedula, id_paquete, tarifa, estado) VALUES ('1329227730001', 39, 129, '1576126304', 7, 27.72, 'Entregado');
INSERT INTO envios (sucursal_RUC, sucursal_id_direccion, id_direccion_entrega, transportista_cedula, id_paquete, tarifa, estado) VALUES ('1158309444001', 132, 89, '1500614816', 8, 43.40, 'Entregado');
INSERT INTO envios (sucursal_RUC, sucursal_id_direccion, id_direccion_entrega, transportista_cedula, id_paquete, tarifa, estado) VALUES ('1235608968001', 147, 147, '1715315175', 9, 18.20, 'Entregado');
INSERT INTO envios (sucursal_RUC, sucursal_id_direccion, id_direccion_entrega, transportista_cedula, id_paquete, tarifa, estado) VALUES ('1158309444001', 132, 20, '1877012051', 10, 41.48, 'Entregado');
INSERT INTO envios (sucursal_RUC, sucursal_id_direccion, id_direccion_entrega, transportista_cedula, id_paquete, tarifa, estado) VALUES ('1428942399001', 87, 82, '1500614816', 11, 22.21, 'Entregado');
INSERT INTO envios (sucursal_RUC, sucursal_id_direccion, id_direccion_entrega, transportista_cedula, id_paquete, tarifa, estado) VALUES ('1158309444001', 132, 46, '1441940226', 12, 32.08, 'Entregado');
INSERT INTO envios (sucursal_RUC, sucursal_id_direccion, id_direccion_entrega, transportista_cedula, id_paquete, tarifa, estado) VALUES ('1329227730001', 39, 71, '1547032162', 13, 29.16, 'Entregado');
INSERT INTO envios (sucursal_RUC, sucursal_id_direccion, id_direccion_entrega, transportista_cedula, id_paquete, tarifa, estado) VALUES ('1741190394001', 195, 80, '1939690564', 14, 40.34, 'Entregado');
INSERT INTO envios (sucursal_RUC, sucursal_id_direccion, id_direccion_entrega, transportista_cedula, id_paquete, tarifa, estado) VALUES ('1158309444001', 132, 116, '1359351479', 15, 25.63, 'Entregado');
INSERT INTO envios (sucursal_RUC, sucursal_id_direccion, id_direccion_entrega, transportista_cedula, id_paquete, tarifa, estado) VALUES ('1235608968001', 147, 30, '1682316766', 16, 47.19, 'Entregado');
INSERT INTO envios (sucursal_RUC, sucursal_id_direccion, id_direccion_entrega, transportista_cedula, id_paquete, tarifa, estado) VALUES ('1382583728001', 194, 108, '1481613974', 17, 11.05, 'Entregado');
INSERT INTO envios (sucursal_RUC, sucursal_id_direccion, id_direccion_entrega, transportista_cedula, id_paquete, tarifa, estado) VALUES ('1372277935001', 154, 10, '1682316766', 18, 32.86, 'Entregado');
INSERT INTO envios (sucursal_RUC, sucursal_id_direccion, id_direccion_entrega, transportista_cedula, id_paquete, tarifa, estado) VALUES ('1235608968001', 147, 49, '1715315175', 19, 32.64, 'Entregado');
INSERT INTO envios (sucursal_RUC, sucursal_id_direccion, id_direccion_entrega, transportista_cedula, id_paquete, tarifa, estado) VALUES ('1329227730001', 39, 15, '1481613974', 20, 21.37, 'Entregado');
INSERT INTO envios (sucursal_RUC, sucursal_id_direccion, id_direccion_entrega, transportista_cedula, id_paquete, tarifa, estado) VALUES ('1235608968001', 147, 4, '1481613974', 21, 20.24, 'Entregado');
INSERT INTO envios (sucursal_RUC, sucursal_id_direccion, id_direccion_entrega, transportista_cedula, id_paquete, tarifa, estado) VALUES ('1965642503001', 33, 20, '1610743883', 22, 47.78, 'Entregado');
INSERT INTO envios (sucursal_RUC, sucursal_id_direccion, id_direccion_entrega, transportista_cedula, id_paquete, tarifa, estado) VALUES ('1329227730001', 39, 57, '1682316766', 23, 12.11, 'Entregado');
INSERT INTO envios (sucursal_RUC, sucursal_id_direccion, id_direccion_entrega, transportista_cedula, id_paquete, tarifa, estado) VALUES ('1965642503001', 33, 13, '1682316766', 24, 13.50, 'Entregado');
INSERT INTO envios (sucursal_RUC, sucursal_id_direccion, id_direccion_entrega, transportista_cedula, id_paquete, tarifa, estado) VALUES ('1372277935001', 154, 66, '1666400356', 25, 22.60, 'Entregado');
INSERT INTO envios (sucursal_RUC, sucursal_id_direccion, id_direccion_entrega, transportista_cedula, id_paquete, tarifa, estado) VALUES ('1235608968001', 147, 85, '1481613974', 26, 24.45, 'Entregado');
INSERT INTO envios (sucursal_RUC, sucursal_id_direccion, id_direccion_entrega, transportista_cedula, id_paquete, tarifa, estado) VALUES ('1235608968001', 147, 19, '1050797477', 27, 20.27, 'Entregado');
INSERT INTO envios (sucursal_RUC, sucursal_id_direccion, id_direccion_entrega, transportista_cedula, id_paquete, tarifa, estado) VALUES ('1382583728001', 194, 80, '1481613974', 28, 35.63, 'Entregado');
INSERT INTO envios (sucursal_RUC, sucursal_id_direccion, id_direccion_entrega, transportista_cedula, id_paquete, tarifa, estado) VALUES ('1329227730001', 39, 50, '1441940226', 29, 36.31, 'Entregado');
INSERT INTO envios (sucursal_RUC, sucursal_id_direccion, id_direccion_entrega, transportista_cedula, id_paquete, tarifa, estado) VALUES ('1741190394001', 195, 84, '1715315175', 30, 33.58, 'Entregado');
INSERT INTO envios (sucursal_RUC, sucursal_id_direccion, id_direccion_entrega, transportista_cedula, id_paquete, tarifa, estado) VALUES ('1372277935001', 154, 103, '1359351479', 31, 23.07, 'Entregado');
INSERT INTO envios (sucursal_RUC, sucursal_id_direccion, id_direccion_entrega, transportista_cedula, id_paquete, tarifa, estado) VALUES ('1382583728001', 194, 147, '1500614816', 32, 26.67, 'Entregado');
INSERT INTO envios (sucursal_RUC, sucursal_id_direccion, id_direccion_entrega, transportista_cedula, id_paquete, tarifa, estado) VALUES ('1090086143001', 170, 152, '1441940226', 33, 17.85, 'Entregado');
INSERT INTO envios (sucursal_RUC, sucursal_id_direccion, id_direccion_entrega, transportista_cedula, id_paquete, tarifa, estado) VALUES ('1235608968001', 147, 19, '1682316766', 34, 15.67, 'Entregado');
INSERT INTO envios (sucursal_RUC, sucursal_id_direccion, id_direccion_entrega, transportista_cedula, id_paquete, tarifa, estado) VALUES ('1372277935001', 154, 183, '1715315175', 35, 49.47, 'Entregado');
INSERT INTO envios (sucursal_RUC, sucursal_id_direccion, id_direccion_entrega, transportista_cedula, id_paquete, tarifa, estado) VALUES ('1741190394001', 195, 156, '1610743883', 36, 5.77, 'Entregado');
INSERT INTO envios (sucursal_RUC, sucursal_id_direccion, id_direccion_entrega, transportista_cedula, id_paquete, tarifa, estado) VALUES ('1382583728001', 194, 96, '1547032162', 37, 45.74, 'Entregado');
INSERT INTO envios (sucursal_RUC, sucursal_id_direccion, id_direccion_entrega, transportista_cedula, id_paquete, tarifa, estado) VALUES ('1235608968001', 147, 176, '1018308680', 38, 12.19, 'Entregado');
INSERT INTO envios (sucursal_RUC, sucursal_id_direccion, id_direccion_entrega, transportista_cedula, id_paquete, tarifa, estado) VALUES ('1090086143001', 170, 107, '1441940226', 39, 6.04, 'Entregado');
INSERT INTO envios (sucursal_RUC, sucursal_id_direccion, id_direccion_entrega, transportista_cedula, id_paquete, tarifa, estado) VALUES ('1372277935001', 154, 182, '1666400356', 40, 7.11, 'Entregado');
INSERT INTO envios (sucursal_RUC, sucursal_id_direccion, id_direccion_entrega, transportista_cedula, id_paquete, tarifa, estado) VALUES ('1372277935001', 154, 64, '1610743883', 41, 40.26, 'Entregado');
INSERT INTO envios (sucursal_RUC, sucursal_id_direccion, id_direccion_entrega, transportista_cedula, id_paquete, tarifa, estado) VALUES ('1090086143001', 170, 143, '1939690564', 42, 27.53, 'Entregado');
INSERT INTO envios (sucursal_RUC, sucursal_id_direccion, id_direccion_entrega, transportista_cedula, id_paquete, tarifa, estado) VALUES ('1235608968001', 147, 147, '1161494070', 43, 15.12, 'Entregado');
INSERT INTO envios (sucursal_RUC, sucursal_id_direccion, id_direccion_entrega, transportista_cedula, id_paquete, tarifa, estado) VALUES ('1382583728001', 194, 193, '1161494070', 44, 24.69, 'Entregado');
INSERT INTO envios (sucursal_RUC, sucursal_id_direccion, id_direccion_entrega, transportista_cedula, id_paquete, tarifa, estado) VALUES ('1428942399001', 87, 38, '1715315175', 45, 35.37, 'Entregado');
INSERT INTO envios (sucursal_RUC, sucursal_id_direccion, id_direccion_entrega, transportista_cedula, id_paquete, tarifa, estado) VALUES ('1428942399001', 87, 24, '1359351479', 46, 9.82, 'Entregado');
INSERT INTO envios (sucursal_RUC, sucursal_id_direccion, id_direccion_entrega, transportista_cedula, id_paquete, tarifa, estado) VALUES ('1965642503001', 33, 152, '1610743883', 47, 36.54, 'Entregado');
INSERT INTO envios (sucursal_RUC, sucursal_id_direccion, id_direccion_entrega, transportista_cedula, id_paquete, tarifa, estado) VALUES ('1158309444001', 132, 56, '1501419498', 48, 17.84, 'Entregado');
INSERT INTO envios (sucursal_RUC, sucursal_id_direccion, id_direccion_entrega, transportista_cedula, id_paquete, tarifa, estado) VALUES ('1158309444001', 132, 93, '1018308680', 49, 5.61, 'Entregado');
INSERT INTO envios (sucursal_RUC, sucursal_id_direccion, id_direccion_entrega, transportista_cedula, id_paquete, tarifa, estado) VALUES ('1965642503001', 33, 74, '1610743883', 50, 5.89, 'Entregado');
INSERT INTO envios (sucursal_RUC, sucursal_id_direccion, id_direccion_entrega, transportista_cedula, id_paquete, tarifa, estado) VALUES ('1382583728001', 194, 68, '1428413454', 51, 29.60, 'Entregado');
INSERT INTO envios (sucursal_RUC, sucursal_id_direccion, id_direccion_entrega, transportista_cedula, id_paquete, tarifa, estado) VALUES ('1372277935001', 154, 137, '1481613974', 52, 28.60, 'Entregado');
INSERT INTO envios (sucursal_RUC, sucursal_id_direccion, id_direccion_entrega, transportista_cedula, id_paquete, tarifa, estado) VALUES ('1329227730001', 39, 1, '1018308680', 53, 13.84, 'Entregado');
INSERT INTO envios (sucursal_RUC, sucursal_id_direccion, id_direccion_entrega, transportista_cedula, id_paquete, tarifa, estado) VALUES ('1329227730001', 39, 184, '1050797477', 54, 36.42, 'Entregado');
INSERT INTO envios (sucursal_RUC, sucursal_id_direccion, id_direccion_entrega, transportista_cedula, id_paquete, tarifa, estado) VALUES ('1372277935001', 154, 83, '1161494070', 55, 8.96, 'Entregado');
INSERT INTO envios (sucursal_RUC, sucursal_id_direccion, id_direccion_entrega, transportista_cedula, id_paquete, tarifa, estado) VALUES ('1428942399001', 87, 10, '1877012051', 56, 15.60, 'Entregado');
INSERT INTO envios (sucursal_RUC, sucursal_id_direccion, id_direccion_entrega, transportista_cedula, id_paquete, tarifa, estado) VALUES ('1235608968001', 147, 62, '1161494070', 57, 23.73, 'Entregado');
INSERT INTO envios (sucursal_RUC, sucursal_id_direccion, id_direccion_entrega, transportista_cedula, id_paquete, tarifa, estado) VALUES ('1329227730001', 39, 48, '1502738972', 58, 37.91, 'Entregado');
INSERT INTO envios (sucursal_RUC, sucursal_id_direccion, id_direccion_entrega, transportista_cedula, id_paquete, tarifa, estado) VALUES ('1329227730001', 39, 167, '1501419498', 59, 31.35, 'Entregado');
INSERT INTO envios (sucursal_RUC, sucursal_id_direccion, id_direccion_entrega, transportista_cedula, id_paquete, tarifa, estado) VALUES ('1428942399001', 87, 148, '1359351479', 60, 31.63, 'Entregado');
INSERT INTO envios (sucursal_RUC, sucursal_id_direccion, id_direccion_entrega, transportista_cedula, id_paquete, tarifa, estado) VALUES ('1741190394001', 195, 113, '1610743883', 61, 28.18, 'Entregado');
INSERT INTO envios (sucursal_RUC, sucursal_id_direccion, id_direccion_entrega, transportista_cedula, id_paquete, tarifa, estado) VALUES ('1368386560001', 146, 148, '1547032162', 62, 49.30, 'Entregado');
INSERT INTO envios (sucursal_RUC, sucursal_id_direccion, id_direccion_entrega, transportista_cedula, id_paquete, tarifa, estado) VALUES ('1235608968001', 147, 91, '1501419498', 63, 37.83, 'Entregado');
INSERT INTO envios (sucursal_RUC, sucursal_id_direccion, id_direccion_entrega, transportista_cedula, id_paquete, tarifa, estado) VALUES ('1372277935001', 154, 40, '1050797477', 64, 10.89, 'Entregado');
INSERT INTO envios (sucursal_RUC, sucursal_id_direccion, id_direccion_entrega, transportista_cedula, id_paquete, tarifa, estado) VALUES ('1158309444001', 132, 77, '1666400356', 65, 20.70, 'Entregado');
INSERT INTO envios (sucursal_RUC, sucursal_id_direccion, id_direccion_entrega, transportista_cedula, id_paquete, tarifa, estado) VALUES ('1741190394001', 195, 193, '1547032162', 66, 49.48, 'Entregado');
INSERT INTO envios (sucursal_RUC, sucursal_id_direccion, id_direccion_entrega, transportista_cedula, id_paquete, tarifa, estado) VALUES ('1368386560001', 146, 188, '1359351479', 67, 12.45, 'Entregado');
INSERT INTO envios (sucursal_RUC, sucursal_id_direccion, id_direccion_entrega, transportista_cedula, id_paquete, tarifa, estado) VALUES ('1158309444001', 132, 1, '1441940226', 68, 8.27, 'Entregado');
INSERT INTO envios (sucursal_RUC, sucursal_id_direccion, id_direccion_entrega, transportista_cedula, id_paquete, tarifa, estado) VALUES ('1382583728001', 194, 126, '1018308680', 69, 26.10, 'Entregado');
INSERT INTO envios (sucursal_RUC, sucursal_id_direccion, id_direccion_entrega, transportista_cedula, id_paquete, tarifa, estado) VALUES ('1235608968001', 147, 66, '1233273934', 70, 37.97, 'Entregado');
INSERT INTO envios (sucursal_RUC, sucursal_id_direccion, id_direccion_entrega, transportista_cedula, id_paquete, tarifa, estado) VALUES ('1372277935001', 154, 200, '1018308680', 71, 28.26, 'Entregado');
INSERT INTO envios (sucursal_RUC, sucursal_id_direccion, id_direccion_entrega, transportista_cedula, id_paquete, tarifa, estado) VALUES ('1329227730001', 39, 18, '1939690564', 72, 41.47, 'Entregado');
INSERT INTO envios (sucursal_RUC, sucursal_id_direccion, id_direccion_entrega, transportista_cedula, id_paquete, tarifa, estado) VALUES ('1372277935001', 154, 166, '1500614816', 73, 10.01, 'Entregado');
INSERT INTO envios (sucursal_RUC, sucursal_id_direccion, id_direccion_entrega, transportista_cedula, id_paquete, tarifa, estado) VALUES ('1329227730001', 39, 154, '1161494070', 74, 9.69, 'Entregado');
INSERT INTO envios (sucursal_RUC, sucursal_id_direccion, id_direccion_entrega, transportista_cedula, id_paquete, tarifa, estado) VALUES ('1965642503001', 33, 139, '1018308680', 75, 42.03, 'Entregado');
INSERT INTO envios (sucursal_RUC, sucursal_id_direccion, id_direccion_entrega, transportista_cedula, id_paquete, tarifa, estado) VALUES ('1235608968001', 147, 150, '1500614816', 76, 38.51, 'Entregado');
INSERT INTO envios (sucursal_RUC, sucursal_id_direccion, id_direccion_entrega, transportista_cedula, id_paquete, tarifa, estado) VALUES ('1372277935001', 154, 134, '1359351479', 77, 26.72, 'Entregado');
INSERT INTO envios (sucursal_RUC, sucursal_id_direccion, id_direccion_entrega, transportista_cedula, id_paquete, tarifa, estado) VALUES ('1741190394001', 195, 82, '1233273934', 78, 21.64, 'Entregado');
INSERT INTO envios (sucursal_RUC, sucursal_id_direccion, id_direccion_entrega, transportista_cedula, id_paquete, tarifa, estado) VALUES ('1428942399001', 87, 88, '1547032162', 79, 45.36, 'Entregado');
INSERT INTO envios (sucursal_RUC, sucursal_id_direccion, id_direccion_entrega, transportista_cedula, id_paquete, tarifa, estado) VALUES ('1382583728001', 194, 88, '1715315175', 80, 12.15, 'Entregado');
INSERT INTO envios (sucursal_RUC, sucursal_id_direccion, id_direccion_entrega, transportista_cedula, id_paquete, tarifa, estado) VALUES ('1428942399001', 87, 189, '1428413454', 81, 5.11, 'Entregado');
INSERT INTO envios (sucursal_RUC, sucursal_id_direccion, id_direccion_entrega, transportista_cedula, id_paquete, tarifa, estado) VALUES ('1368386560001', 146, 186, '1233273934', 82, 11.02, 'Entregado');
INSERT INTO envios (sucursal_RUC, sucursal_id_direccion, id_direccion_entrega, transportista_cedula, id_paquete, tarifa, estado) VALUES ('1428942399001', 87, 178, '1050797477', 83, 10.47, 'Entregado');
INSERT INTO envios (sucursal_RUC, sucursal_id_direccion, id_direccion_entrega, transportista_cedula, id_paquete, tarifa, estado) VALUES ('1329227730001', 39, 1, '1547032162', 84, 45.39, 'Entregado');
INSERT INTO envios (sucursal_RUC, sucursal_id_direccion, id_direccion_entrega, transportista_cedula, id_paquete, tarifa, estado) VALUES ('1741190394001', 195, 155, '1441940226', 85, 20.28, 'Entregado');
INSERT INTO envios (sucursal_RUC, sucursal_id_direccion, id_direccion_entrega, transportista_cedula, id_paquete, tarifa, estado) VALUES ('1428942399001', 87, 176, '1682316766', 86, 31.57, 'Entregado');
INSERT INTO envios (sucursal_RUC, sucursal_id_direccion, id_direccion_entrega, transportista_cedula, id_paquete, tarifa, estado) VALUES ('1428942399001', 87, 74, '1050797477', 87, 17.95, 'Entregado');
INSERT INTO envios (sucursal_RUC, sucursal_id_direccion, id_direccion_entrega, transportista_cedula, id_paquete, tarifa, estado) VALUES ('1965642503001', 33, 93, '1501419498', 88, 33.72, 'Entregado');
INSERT INTO envios (sucursal_RUC, sucursal_id_direccion, id_direccion_entrega, transportista_cedula, id_paquete, tarifa, estado) VALUES ('1158309444001', 132, 70, '1877012051', 89, 19.34, 'Entregado');
INSERT INTO envios (sucursal_RUC, sucursal_id_direccion, id_direccion_entrega, transportista_cedula, id_paquete, tarifa, estado) VALUES ('1428942399001', 87, 198, '1502738972', 90, 14.42, 'Entregado');
INSERT INTO envios (sucursal_RUC, sucursal_id_direccion, id_direccion_entrega, transportista_cedula, id_paquete, tarifa, estado) VALUES ('1741190394001', 195, 104, '1161494070', 91, 28.03, 'Entregado');
INSERT INTO envios (sucursal_RUC, sucursal_id_direccion, id_direccion_entrega, transportista_cedula, id_paquete, tarifa, estado) VALUES ('1090086143001', 170, 148, '1481613974', 92, 49.45, 'Entregado');
INSERT INTO envios (sucursal_RUC, sucursal_id_direccion, id_direccion_entrega, transportista_cedula, id_paquete, tarifa, estado) VALUES ('1158309444001', 132, 136, '1018308680', 93, 36.61, 'Entregado');
INSERT INTO envios (sucursal_RUC, sucursal_id_direccion, id_direccion_entrega, transportista_cedula, id_paquete, tarifa, estado) VALUES ('1428942399001', 87, 127, '1050797477', 94, 34.19, 'Entregado');
INSERT INTO envios (sucursal_RUC, sucursal_id_direccion, id_direccion_entrega, transportista_cedula, id_paquete, tarifa, estado) VALUES ('1428942399001', 87, 184, '1572144810', 95, 37.40, 'Entregado');
INSERT INTO envios (sucursal_RUC, sucursal_id_direccion, id_direccion_entrega, transportista_cedula, id_paquete, tarifa, estado) VALUES ('1368386560001', 146, 109, '1547032162', 96, 48.15, 'Entregado');
INSERT INTO envios (sucursal_RUC, sucursal_id_direccion, id_direccion_entrega, transportista_cedula, id_paquete, tarifa, estado) VALUES ('1090086143001', 170, 37, '1610743883', 97, 46.92, 'Entregado');
INSERT INTO envios (sucursal_RUC, sucursal_id_direccion, id_direccion_entrega, transportista_cedula, id_paquete, tarifa, estado) VALUES ('1428942399001', 87, 148, '1050797477', 98, 49.61, 'Entregado');
INSERT INTO envios (sucursal_RUC, sucursal_id_direccion, id_direccion_entrega, transportista_cedula, id_paquete, tarifa, estado) VALUES ('1965642503001', 33, 5, '1666400356', 99, 8.00, 'Entregado');
INSERT INTO envios (sucursal_RUC, sucursal_id_direccion, id_direccion_entrega, transportista_cedula, id_paquete, tarifa, estado) VALUES ('1158309444001', 132, 87, '1161494070', 100, 6.74, 'Entregado');
INSERT INTO envios (sucursal_RUC, sucursal_id_direccion, id_direccion_entrega, transportista_cedula, id_paquete, tarifa, estado) VALUES ('1368386560001', 146, 137, '1877012051', 101, 26.57, 'Entregado');
INSERT INTO envios (sucursal_RUC, sucursal_id_direccion, id_direccion_entrega, transportista_cedula, id_paquete, tarifa, estado) VALUES ('1372277935001', 154, 127, '1715315175', 102, 28.25, 'Entregado');
INSERT INTO envios (sucursal_RUC, sucursal_id_direccion, id_direccion_entrega, transportista_cedula, id_paquete, tarifa, estado) VALUES ('1329227730001', 39, 65, '1428413454', 103, 20.22, 'Entregado');
INSERT INTO envios (sucursal_RUC, sucursal_id_direccion, id_direccion_entrega, transportista_cedula, id_paquete, tarifa, estado) VALUES ('1158309444001', 132, 127, '1428413454', 104, 18.95, 'Entregado');
INSERT INTO envios (sucursal_RUC, sucursal_id_direccion, id_direccion_entrega, transportista_cedula, id_paquete, tarifa, estado) VALUES ('1158309444001', 132, 160, '1161494070', 105, 10.51, 'Entregado');
INSERT INTO envios (sucursal_RUC, sucursal_id_direccion, id_direccion_entrega, transportista_cedula, id_paquete, tarifa, estado) VALUES ('1158309444001', 132, 83, '1666400356', 106, 26.27, 'Entregado');
INSERT INTO envios (sucursal_RUC, sucursal_id_direccion, id_direccion_entrega, transportista_cedula, id_paquete, tarifa, estado) VALUES ('1158309444001', 132, 141, '1500614816', 107, 16.21, 'Entregado');
INSERT INTO envios (sucursal_RUC, sucursal_id_direccion, id_direccion_entrega, transportista_cedula, id_paquete, tarifa, estado) VALUES ('1368386560001', 146, 72, '1481613974', 108, 12.60, 'Entregado');
INSERT INTO envios (sucursal_RUC, sucursal_id_direccion, id_direccion_entrega, transportista_cedula, id_paquete, tarifa, estado) VALUES ('1158309444001', 132, 180, '1666400356', 109, 35.77, 'Entregado');
INSERT INTO envios (sucursal_RUC, sucursal_id_direccion, id_direccion_entrega, transportista_cedula, id_paquete, tarifa, estado) VALUES ('1382583728001', 194, 41, '1018308680', 110, 33.49, 'Entregado');
INSERT INTO envios (sucursal_RUC, sucursal_id_direccion, id_direccion_entrega, transportista_cedula, id_paquete, tarifa, estado) VALUES ('1368386560001', 146, 36, '1018308680', 111, 16.77, 'Entregado');
INSERT INTO envios (sucursal_RUC, sucursal_id_direccion, id_direccion_entrega, transportista_cedula, id_paquete, tarifa, estado) VALUES ('1741190394001', 195, 147, '1050797477', 112, 11.61, 'Entregado');
INSERT INTO envios (sucursal_RUC, sucursal_id_direccion, id_direccion_entrega, transportista_cedula, id_paquete, tarifa, estado) VALUES ('1329227730001', 39, 22, '1161494070', 113, 8.60, 'Entregado');
INSERT INTO envios (sucursal_RUC, sucursal_id_direccion, id_direccion_entrega, transportista_cedula, id_paquete, tarifa, estado) VALUES ('1329227730001', 39, 34, '1501419498', 114, 34.01, 'Entregado');
INSERT INTO envios (sucursal_RUC, sucursal_id_direccion, id_direccion_entrega, transportista_cedula, id_paquete, tarifa, estado) VALUES ('1965642503001', 33, 93, '1666400356', 115, 45.75, 'Entregado');
INSERT INTO envios (sucursal_RUC, sucursal_id_direccion, id_direccion_entrega, transportista_cedula, id_paquete, tarifa, estado) VALUES ('1158309444001', 132, 101, '1050797477', 116, 15.94, 'Entregado');
INSERT INTO envios (sucursal_RUC, sucursal_id_direccion, id_direccion_entrega, transportista_cedula, id_paquete, tarifa, estado) VALUES ('1158309444001', 132, 110, '1018308680', 117, 24.51, 'Entregado');
INSERT INTO envios (sucursal_RUC, sucursal_id_direccion, id_direccion_entrega, transportista_cedula, id_paquete, tarifa, estado) VALUES ('1372277935001', 154, 139, '1500614816', 118, 33.92, 'Entregado');
INSERT INTO envios (sucursal_RUC, sucursal_id_direccion, id_direccion_entrega, transportista_cedula, id_paquete, tarifa, estado) VALUES ('1382583728001', 194, 12, '1500614816', 119, 12.41, 'Entregado');
INSERT INTO envios (sucursal_RUC, sucursal_id_direccion, id_direccion_entrega, transportista_cedula, id_paquete, tarifa, estado) VALUES ('1372277935001', 154, 157, '1441940226', 120, 33.26, 'Entregado');
INSERT INTO envios (sucursal_RUC, sucursal_id_direccion, id_direccion_entrega, transportista_cedula, id_paquete, tarifa, estado) VALUES ('1235608968001', 147, 172, '1502738972', 121, 7.21, 'Entregado');
INSERT INTO envios (sucursal_RUC, sucursal_id_direccion, id_direccion_entrega, transportista_cedula, id_paquete, tarifa, estado) VALUES ('1372277935001', 154, 96, '1572144810', 122, 25.94, 'Entregado');
INSERT INTO envios (sucursal_RUC, sucursal_id_direccion, id_direccion_entrega, transportista_cedula, id_paquete, tarifa, estado) VALUES ('1329227730001', 39, 14, '1877012051', 123, 7.53, 'Entregado');
INSERT INTO envios (sucursal_RUC, sucursal_id_direccion, id_direccion_entrega, transportista_cedula, id_paquete, tarifa, estado) VALUES ('1158309444001', 132, 31, '1576126304', 124, 47.16, 'Entregado');
INSERT INTO envios (sucursal_RUC, sucursal_id_direccion, id_direccion_entrega, transportista_cedula, id_paquete, tarifa, estado) VALUES ('1428942399001', 87, 115, '1682316766', 125, 32.80, 'Entregado');
INSERT INTO envios (sucursal_RUC, sucursal_id_direccion, id_direccion_entrega, transportista_cedula, id_paquete, tarifa, estado) VALUES ('1372277935001', 154, 183, '1481613974', 126, 49.09, 'Entregado');
INSERT INTO envios (sucursal_RUC, sucursal_id_direccion, id_direccion_entrega, transportista_cedula, id_paquete, tarifa, estado) VALUES ('1090086143001', 170, 168, '1359351479', 127, 17.99, 'Entregado');
INSERT INTO envios (sucursal_RUC, sucursal_id_direccion, id_direccion_entrega, transportista_cedula, id_paquete, tarifa, estado) VALUES ('1368386560001', 146, 134, '1610743883', 128, 27.02, 'Entregado');
INSERT INTO envios (sucursal_RUC, sucursal_id_direccion, id_direccion_entrega, transportista_cedula, id_paquete, tarifa, estado) VALUES ('1965642503001', 33, 65, '1502738972', 129, 25.41, 'Entregado');
INSERT INTO envios (sucursal_RUC, sucursal_id_direccion, id_direccion_entrega, transportista_cedula, id_paquete, tarifa, estado) VALUES ('1428942399001', 87, 144, '1939690564', 130, 36.70, 'Entregado');
INSERT INTO envios (sucursal_RUC, sucursal_id_direccion, id_direccion_entrega, transportista_cedula, id_paquete, tarifa, estado) VALUES ('1382583728001', 194, 85, '1572144810', 131, 10.99, 'Entregado');
INSERT INTO envios (sucursal_RUC, sucursal_id_direccion, id_direccion_entrega, transportista_cedula, id_paquete, tarifa, estado) VALUES ('1368386560001', 146, 45, '1441940226', 132, 30.55, 'Entregado');
INSERT INTO envios (sucursal_RUC, sucursal_id_direccion, id_direccion_entrega, transportista_cedula, id_paquete, tarifa, estado) VALUES ('1158309444001', 132, 178, '1666400356', 133, 18.23, 'Entregado');
INSERT INTO envios (sucursal_RUC, sucursal_id_direccion, id_direccion_entrega, transportista_cedula, id_paquete, tarifa, estado) VALUES ('1741190394001', 195, 188, '1481613974', 134, 31.45, 'Entregado');
INSERT INTO envios (sucursal_RUC, sucursal_id_direccion, id_direccion_entrega, transportista_cedula, id_paquete, tarifa, estado) VALUES ('1741190394001', 195, 171, '1050797477', 135, 37.21, 'Entregado');
INSERT INTO envios (sucursal_RUC, sucursal_id_direccion, id_direccion_entrega, transportista_cedula, id_paquete, tarifa, estado) VALUES ('1329227730001', 39, 22, '1233273934', 136, 40.42, 'Entregado');
INSERT INTO envios (sucursal_RUC, sucursal_id_direccion, id_direccion_entrega, transportista_cedula, id_paquete, tarifa, estado) VALUES ('1158309444001', 132, 55, '1233273934', 137, 28.73, 'Entregado');
INSERT INTO envios (sucursal_RUC, sucursal_id_direccion, id_direccion_entrega, transportista_cedula, id_paquete, tarifa, estado) VALUES ('1090086143001', 170, 118, '1547032162', 138, 47.51, 'Entregado');
INSERT INTO envios (sucursal_RUC, sucursal_id_direccion, id_direccion_entrega, transportista_cedula, id_paquete, tarifa, estado) VALUES ('1382583728001', 194, 152, '1018308680', 139, 27.89, 'Entregado');
INSERT INTO envios (sucursal_RUC, sucursal_id_direccion, id_direccion_entrega, transportista_cedula, id_paquete, tarifa, estado) VALUES ('1741190394001', 195, 32, '1233273934', 140, 25.71, 'Entregado');
INSERT INTO envios (sucursal_RUC, sucursal_id_direccion, id_direccion_entrega, transportista_cedula, id_paquete, tarifa, estado) VALUES ('1329227730001', 39, 106, '1500614816', 141, 11.57, 'Entregado');
INSERT INTO envios (sucursal_RUC, sucursal_id_direccion, id_direccion_entrega, transportista_cedula, id_paquete, tarifa, estado) VALUES ('1741190394001', 195, 173, '1428413454', 142, 49.09, 'Entregado');
INSERT INTO envios (sucursal_RUC, sucursal_id_direccion, id_direccion_entrega, transportista_cedula, id_paquete, tarifa, estado) VALUES ('1158309444001', 132, 39, '1576126304', 143, 11.55, 'Entregado');
INSERT INTO envios (sucursal_RUC, sucursal_id_direccion, id_direccion_entrega, transportista_cedula, id_paquete, tarifa, estado) VALUES ('1090086143001', 170, 49, '1359351479', 144, 39.29, 'Entregado');
INSERT INTO envios (sucursal_RUC, sucursal_id_direccion, id_direccion_entrega, transportista_cedula, id_paquete, tarifa, estado) VALUES ('1329227730001', 39, 185, '1161494070', 145, 17.01, 'Entregado');
INSERT INTO envios (sucursal_RUC, sucursal_id_direccion, id_direccion_entrega, transportista_cedula, id_paquete, tarifa, estado) VALUES ('1372277935001', 154, 87, '1502738972', 146, 8.63, 'Entregado');
INSERT INTO envios (sucursal_RUC, sucursal_id_direccion, id_direccion_entrega, transportista_cedula, id_paquete, tarifa, estado) VALUES ('1741190394001', 195, 41, '1682316766', 147, 36.38, 'Entregado');
INSERT INTO envios (sucursal_RUC, sucursal_id_direccion, id_direccion_entrega, transportista_cedula, id_paquete, tarifa, estado) VALUES ('1329227730001', 39, 118, '1715315175', 148, 9.75, 'Entregado');
INSERT INTO envios (sucursal_RUC, sucursal_id_direccion, id_direccion_entrega, transportista_cedula, id_paquete, tarifa, estado) VALUES ('1741190394001', 195, 113, '1715315175', 149, 8.95, 'Entregado');
INSERT INTO envios (sucursal_RUC, sucursal_id_direccion, id_direccion_entrega, transportista_cedula, id_paquete, tarifa, estado) VALUES ('1090086143001', 170, 94, '1682316766', 150, 16.35, 'Entregado');
INSERT INTO envios (sucursal_RUC, sucursal_id_direccion, id_direccion_entrega, transportista_cedula, id_paquete, tarifa, estado) VALUES ('1329227730001', 39, 66, '1161494070', 151, 33.69, 'Entregado');
INSERT INTO envios (sucursal_RUC, sucursal_id_direccion, id_direccion_entrega, transportista_cedula, id_paquete, tarifa, estado) VALUES ('1741190394001', 195, 62, '1233273934', 152, 38.90, 'Entregado');
INSERT INTO envios (sucursal_RUC, sucursal_id_direccion, id_direccion_entrega, transportista_cedula, id_paquete, tarifa, estado) VALUES ('1158309444001', 132, 172, '1050797477', 153, 8.72, 'Entregado');
INSERT INTO envios (sucursal_RUC, sucursal_id_direccion, id_direccion_entrega, transportista_cedula, id_paquete, tarifa, estado) VALUES ('1329227730001', 39, 131, '1939690564', 154, 48.70, 'Entregado');
INSERT INTO envios (sucursal_RUC, sucursal_id_direccion, id_direccion_entrega, transportista_cedula, id_paquete, tarifa, estado) VALUES ('1329227730001', 39, 123, '1715315175', 155, 12.35, 'Entregado');
INSERT INTO envios (sucursal_RUC, sucursal_id_direccion, id_direccion_entrega, transportista_cedula, id_paquete, tarifa, estado) VALUES ('1382583728001', 194, 162, '1877012051', 156, 39.59, 'Entregado');
INSERT INTO envios (sucursal_RUC, sucursal_id_direccion, id_direccion_entrega, transportista_cedula, id_paquete, tarifa, estado) VALUES ('1965642503001', 33, 69, '1572144810', 157, 43.64, 'Entregado');
INSERT INTO envios (sucursal_RUC, sucursal_id_direccion, id_direccion_entrega, transportista_cedula, id_paquete, tarifa, estado) VALUES ('1329227730001', 39, 64, '1233273934', 158, 26.32, 'Entregado');
INSERT INTO envios (sucursal_RUC, sucursal_id_direccion, id_direccion_entrega, transportista_cedula, id_paquete, tarifa, estado) VALUES ('1372277935001', 154, 112, '1939690564', 159, 13.32, 'Entregado');
INSERT INTO envios (sucursal_RUC, sucursal_id_direccion, id_direccion_entrega, transportista_cedula, id_paquete, tarifa, estado) VALUES ('1382583728001', 194, 119, '1572144810', 160, 26.94, 'Entregado');
INSERT INTO envios (sucursal_RUC, sucursal_id_direccion, id_direccion_entrega, transportista_cedula, id_paquete, tarifa, estado) VALUES ('1158309444001', 132, 162, '1161494070', 161, 36.75, 'Entregado');
INSERT INTO envios (sucursal_RUC, sucursal_id_direccion, id_direccion_entrega, transportista_cedula, id_paquete, tarifa, estado) VALUES ('1741190394001', 195, 18, '1018308680', 162, 28.78, 'Entregado');
INSERT INTO envios (sucursal_RUC, sucursal_id_direccion, id_direccion_entrega, transportista_cedula, id_paquete, tarifa, estado) VALUES ('1368386560001', 146, 40, '1161494070', 163, 32.51, 'Entregado');
INSERT INTO envios (sucursal_RUC, sucursal_id_direccion, id_direccion_entrega, transportista_cedula, id_paquete, tarifa, estado) VALUES ('1382583728001', 194, 35, '1715315175', 164, 8.96, 'Entregado');
INSERT INTO envios (sucursal_RUC, sucursal_id_direccion, id_direccion_entrega, transportista_cedula, id_paquete, tarifa, estado) VALUES ('1965642503001', 33, 129, '1018308680', 165, 41.36, 'Entregado');
INSERT INTO envios (sucursal_RUC, sucursal_id_direccion, id_direccion_entrega, transportista_cedula, id_paquete, tarifa, estado) VALUES ('1741190394001', 195, 142, '1502738972', 166, 39.97, 'Entregado');
INSERT INTO envios (sucursal_RUC, sucursal_id_direccion, id_direccion_entrega, transportista_cedula, id_paquete, tarifa, estado) VALUES ('1235608968001', 147, 107, '1359351479', 167, 15.16, 'Entregado');
INSERT INTO envios (sucursal_RUC, sucursal_id_direccion, id_direccion_entrega, transportista_cedula, id_paquete, tarifa, estado) VALUES ('1090086143001', 170, 182, '1939690564', 168, 23.96, 'Entregado');
INSERT INTO envios (sucursal_RUC, sucursal_id_direccion, id_direccion_entrega, transportista_cedula, id_paquete, tarifa, estado) VALUES ('1428942399001', 87, 33, '1939690564', 169, 37.83, 'Entregado');
INSERT INTO envios (sucursal_RUC, sucursal_id_direccion, id_direccion_entrega, transportista_cedula, id_paquete, tarifa, estado) VALUES ('1235608968001', 147, 68, '1359351479', 170, 28.62, 'Entregado');
INSERT INTO envios (sucursal_RUC, sucursal_id_direccion, id_direccion_entrega, transportista_cedula, id_paquete, tarifa, estado) VALUES ('1965642503001', 33, 198, '1682316766', 171, 17.66, 'Entregado');
INSERT INTO envios (sucursal_RUC, sucursal_id_direccion, id_direccion_entrega, transportista_cedula, id_paquete, tarifa, estado) VALUES ('1090086143001', 170, 167, '1877012051', 172, 40.23, 'Entregado');
INSERT INTO envios (sucursal_RUC, sucursal_id_direccion, id_direccion_entrega, transportista_cedula, id_paquete, tarifa, estado) VALUES ('1158309444001', 132, 83, '1547032162', 173, 20.42, 'Entregado');
INSERT INTO envios (sucursal_RUC, sucursal_id_direccion, id_direccion_entrega, transportista_cedula, id_paquete, tarifa, estado) VALUES ('1329227730001', 39, 51, '1428413454', 174, 39.19, 'Entregado');
INSERT INTO envios (sucursal_RUC, sucursal_id_direccion, id_direccion_entrega, transportista_cedula, id_paquete, tarifa, estado) VALUES ('1090086143001', 170, 110, '1572144810', 175, 19.57, 'Entregado');
INSERT INTO envios (sucursal_RUC, sucursal_id_direccion, id_direccion_entrega, transportista_cedula, id_paquete, tarifa, estado) VALUES ('1428942399001', 87, 64, '1715315175', 176, 18.58, 'Entregado');
INSERT INTO envios (sucursal_RUC, sucursal_id_direccion, id_direccion_entrega, transportista_cedula, id_paquete, tarifa, estado) VALUES ('1965642503001', 33, 171, '1481613974', 177, 20.79, 'Entregado');
INSERT INTO envios (sucursal_RUC, sucursal_id_direccion, id_direccion_entrega, transportista_cedula, id_paquete, tarifa, estado) VALUES ('1090086143001', 170, 70, '1500614816', 178, 31.13, 'Entregado');
INSERT INTO envios (sucursal_RUC, sucursal_id_direccion, id_direccion_entrega, transportista_cedula, id_paquete, tarifa, estado) VALUES ('1329227730001', 39, 29, '1502738972', 179, 33.64, 'Entregado');
INSERT INTO envios (sucursal_RUC, sucursal_id_direccion, id_direccion_entrega, transportista_cedula, id_paquete, tarifa, estado) VALUES ('1428942399001', 87, 29, '1715315175', 180, 20.90, 'Entregado');
INSERT INTO envios (sucursal_RUC, sucursal_id_direccion, id_direccion_entrega, transportista_cedula, id_paquete, tarifa, estado) VALUES ('1235608968001', 147, 133, '1428413454', 181, 41.74, 'Entregado');
INSERT INTO envios (sucursal_RUC, sucursal_id_direccion, id_direccion_entrega, transportista_cedula, id_paquete, tarifa, estado) VALUES ('1090086143001', 170, 183, '1682316766', 182, 20.01, 'Entregado');
INSERT INTO envios (sucursal_RUC, sucursal_id_direccion, id_direccion_entrega, transportista_cedula, id_paquete, tarifa, estado) VALUES ('1428942399001', 87, 46, '1572144810', 183, 28.69, 'Entregado');
INSERT INTO envios (sucursal_RUC, sucursal_id_direccion, id_direccion_entrega, transportista_cedula, id_paquete, tarifa, estado) VALUES ('1965642503001', 33, 135, '1501419498', 184, 6.33, 'Entregado');
INSERT INTO envios (sucursal_RUC, sucursal_id_direccion, id_direccion_entrega, transportista_cedula, id_paquete, tarifa, estado) VALUES ('1372277935001', 154, 180, '1572144810', 185, 16.74, 'Entregado');
INSERT INTO envios (sucursal_RUC, sucursal_id_direccion, id_direccion_entrega, transportista_cedula, id_paquete, tarifa, estado) VALUES ('1158309444001', 132, 69, '1018308680', 186, 36.10, 'Entregado');
INSERT INTO envios (sucursal_RUC, sucursal_id_direccion, id_direccion_entrega, transportista_cedula, id_paquete, tarifa, estado) VALUES ('1965642503001', 33, 119, '1481613974', 187, 49.54, 'Entregado');
INSERT INTO envios (sucursal_RUC, sucursal_id_direccion, id_direccion_entrega, transportista_cedula, id_paquete, tarifa, estado) VALUES ('1235608968001', 147, 107, '1501419498', 188, 29.15, 'Entregado');
INSERT INTO envios (sucursal_RUC, sucursal_id_direccion, id_direccion_entrega, transportista_cedula, id_paquete, tarifa, estado) VALUES ('1965642503001', 33, 7, '1877012051', 189, 40.52, 'Entregado');
INSERT INTO envios (sucursal_RUC, sucursal_id_direccion, id_direccion_entrega, transportista_cedula, id_paquete, tarifa, estado) VALUES ('1090086143001', 170, 34, '1547032162', 190, 13.50, 'Entregado');
INSERT INTO envios (sucursal_RUC, sucursal_id_direccion, id_direccion_entrega, transportista_cedula, id_paquete, tarifa, estado) VALUES ('1090086143001', 170, 197, '1428413454', 191, 12.55, 'Entregado');
INSERT INTO envios (sucursal_RUC, sucursal_id_direccion, id_direccion_entrega, transportista_cedula, id_paquete, tarifa, estado) VALUES ('1741190394001', 195, 4, '1481613974', 192, 26.08, 'Entregado');
INSERT INTO envios (sucursal_RUC, sucursal_id_direccion, id_direccion_entrega, transportista_cedula, id_paquete, tarifa, estado) VALUES ('1382583728001', 194, 177, '1050797477', 193, 43.89, 'Entregado');
INSERT INTO envios (sucursal_RUC, sucursal_id_direccion, id_direccion_entrega, transportista_cedula, id_paquete, tarifa, estado) VALUES ('1158309444001', 132, 95, '1018308680', 194, 10.27, 'Entregado');
INSERT INTO envios (sucursal_RUC, sucursal_id_direccion, id_direccion_entrega, transportista_cedula, id_paquete, tarifa, estado) VALUES ('1965642503001', 33, 10, '1161494070', 195, 38.66, 'Entregado');
INSERT INTO envios (sucursal_RUC, sucursal_id_direccion, id_direccion_entrega, transportista_cedula, id_paquete, tarifa, estado) VALUES ('1329227730001', 39, 26, '1428413454', 196, 47.73, 'Entregado');
INSERT INTO envios (sucursal_RUC, sucursal_id_direccion, id_direccion_entrega, transportista_cedula, id_paquete, tarifa, estado) VALUES ('1329227730001', 39, 61, '1715315175', 197, 28.26, 'Entregado');
INSERT INTO envios (sucursal_RUC, sucursal_id_direccion, id_direccion_entrega, transportista_cedula, id_paquete, tarifa, estado) VALUES ('1382583728001', 194, 112, '1441940226', 198, 28.43, 'Entregado');
INSERT INTO envios (sucursal_RUC, sucursal_id_direccion, id_direccion_entrega, transportista_cedula, id_paquete, tarifa, estado) VALUES ('1158309444001', 132, 172, '1359351479', 199, 17.58, 'Entregado');
INSERT INTO envios (sucursal_RUC, sucursal_id_direccion, id_direccion_entrega, transportista_cedula, id_paquete, tarifa, estado) VALUES ('1428942399001', 87, 124, '1877012051', 200, 24.00, 'Entregado');
SET FOREIGN_KEY_CHECKS=1;