USE `SchemaSpeeder`;

-- Ciudades
INSERT IGNORE INTO ciudades VALUES ('Quito', -34.567653, 77.269643);
INSERT IGNORE INTO ciudades VALUES ('Guayaquil', 30.249174, -47.574121);
INSERT IGNORE INTO ciudades VALUES ('Cuenca', 72.956777, 87.484823);
INSERT IGNORE INTO ciudades VALUES ('Santo Domingo', 18.135289, -6.304968);
INSERT IGNORE INTO ciudades VALUES ('Machala', -74.9007905, 130.195551);
INSERT IGNORE INTO ciudades VALUES ('Durán', -52.335278, 149.489209);
INSERT IGNORE INTO ciudades VALUES ('Manta', 20.824930, -89.950991);
INSERT IGNORE INTO ciudades VALUES ('Portoviejo', 69.272383, -135.930067);
INSERT IGNORE INTO ciudades VALUES ('Loja', 38.210052, -123.736844);
INSERT IGNORE INTO ciudades VALUES ('Ambato', 21.526222, -40.596703);

-- Direcciones
INSERT INTO direcciones (ciudades_nombre_ciudad, calle_principal, calle_secundaria, numero_edificacion, detalle) VALUES ('Guayaquil', 'Avenida de Otilia Gilabert', 'Rambla de Lina Santamaria', '61', 'Piso 6');
INSERT INTO direcciones (ciudades_nombre_ciudad, calle_principal, calle_secundaria, numero_edificacion, detalle) VALUES ('Quito', 'Rambla de Noa Osorio', 'Glorieta Adoración Portero', '93', 'Piso 3');
INSERT INTO direcciones (ciudades_nombre_ciudad, calle_principal, calle_secundaria, numero_edificacion, detalle) VALUES ('Quito', 'Camino Berto Pedraza', 'Plaza de Leoncio Feliu', '31', 'Apt. 71');
INSERT INTO direcciones (ciudades_nombre_ciudad, calle_principal, calle_secundaria, numero_edificacion, detalle) VALUES ('Manta', 'Plaza Ismael Estevez', 'Cuesta de Esmeralda Manzano', '87', 'Apt. 48');
INSERT INTO direcciones (ciudades_nombre_ciudad, calle_principal, calle_secundaria, numero_edificacion, detalle) VALUES ('Ambato', 'Cañada de Olimpia Pacheco', 'Acceso Alonso Soto', '14', 'Piso 9');
INSERT INTO direcciones (ciudades_nombre_ciudad, calle_principal, calle_secundaria, numero_edificacion, detalle) VALUES ('Ambato', 'Cuesta Alexandra Cañete', 'Pasaje de Cesar Flor', '382', 'Piso 1');
INSERT INTO direcciones (ciudades_nombre_ciudad, calle_principal, calle_secundaria, numero_edificacion, detalle) VALUES ('Cuenca', 'Alameda Francisco Jose Lobo', 'Rambla Valentín Camacho', '24', 'Apt. 77');
INSERT INTO direcciones (ciudades_nombre_ciudad, calle_principal, calle_secundaria, numero_edificacion, detalle) VALUES ('Santo Domingo', 'C. de Sancho Roldán', 'Pasadizo Nazario Barco', '51', 'Apt. 59');
INSERT INTO direcciones (ciudades_nombre_ciudad, calle_principal, calle_secundaria, numero_edificacion, detalle) VALUES ('Durán', 'Calle de Maximiano Herranz', 'Pasaje de Francisco Soria', '65', 'Apt. 18');
INSERT INTO direcciones (ciudades_nombre_ciudad, calle_principal, calle_secundaria, numero_edificacion, detalle) VALUES ('Guayaquil', 'Plaza Aníbal Laguna', 'Ronda Maxi Montes', '5', 'Apt. 01');
INSERT INTO direcciones (ciudades_nombre_ciudad, calle_principal, calle_secundaria, numero_edificacion, detalle) VALUES ('Santo Domingo', 'Acceso Pepito Torrijos', 'Cañada Fito Egea', '1', 'Puerta 4');
INSERT INTO direcciones (ciudades_nombre_ciudad, calle_principal, calle_secundaria, numero_edificacion, detalle) VALUES ('Loja', 'Via Manuelita Benet', 'Glorieta de Araceli Fabra', '72', 'Piso 8');
INSERT INTO direcciones (ciudades_nombre_ciudad, calle_principal, calle_secundaria, numero_edificacion, detalle) VALUES ('Manta', 'Pasaje de Heliodoro Sanjuan', 'Calle Fidela Hoyos', '752', 'Puerta 6');
INSERT INTO direcciones (ciudades_nombre_ciudad, calle_principal, calle_secundaria, numero_edificacion, detalle) VALUES ('Ambato', 'Avenida de Artemio Páez', 'Rambla de Belen Tejada', '555', 'Puerta 5');
INSERT INTO direcciones (ciudades_nombre_ciudad, calle_principal, calle_secundaria, numero_edificacion, detalle) VALUES ('Durán', 'Vial Anastasia Arrieta', 'Acceso de Rico Guitart', '9', 'Piso 6');
INSERT INTO direcciones (ciudades_nombre_ciudad, calle_principal, calle_secundaria, numero_edificacion, detalle) VALUES ('Durán', 'Pasadizo Consuelo Ayllón', 'Cañada Hilario Sobrino', '98', 'Piso 6');
INSERT INTO direcciones (ciudades_nombre_ciudad, calle_principal, calle_secundaria, numero_edificacion, detalle) VALUES ('Ambato', 'Pasaje Ariel Pablo', 'Avenida Candelario Collado', '5', 'Puerta 0');
INSERT INTO direcciones (ciudades_nombre_ciudad, calle_principal, calle_secundaria, numero_edificacion, detalle) VALUES ('Ambato', 'Calle Tania Riera', 'Pasadizo Renata Fajardo', '15', 'Puerta 6');
INSERT INTO direcciones (ciudades_nombre_ciudad, calle_principal, calle_secundaria, numero_edificacion, detalle) VALUES ('Quito', 'Rambla Cecilio Ribera', 'Acceso de Flora Catalá', '6', 'Puerta 2');
INSERT INTO direcciones (ciudades_nombre_ciudad, calle_principal, calle_secundaria, numero_edificacion, detalle) VALUES ('Durán', 'C. José Antonio Álamo', 'Rambla de Patricio Salvà', '36', 'Puerta 5');
INSERT INTO direcciones (ciudades_nombre_ciudad, calle_principal, calle_secundaria, numero_edificacion, detalle) VALUES ('Portoviejo', 'Cañada de Lina Cortés', 'Vial de Federico Vendrell', '996', 'Apt. 00');
INSERT INTO direcciones (ciudades_nombre_ciudad, calle_principal, calle_secundaria, numero_edificacion, detalle) VALUES ('Machala', 'Cañada de Manu Olmedo', 'Paseo Jesús Márquez', '976', 'Puerta 8');
INSERT INTO direcciones (ciudades_nombre_ciudad, calle_principal, calle_secundaria, numero_edificacion, detalle) VALUES ('Santo Domingo', 'Paseo de Ema Diaz', 'Via de Jessica Calleja', '758', 'Apt. 96');
INSERT INTO direcciones (ciudades_nombre_ciudad, calle_principal, calle_secundaria, numero_edificacion, detalle) VALUES ('Manta', 'Urbanización Margarita Valderrama', 'Rambla Hilda Pacheco', '14', 'Puerta 0');
INSERT INTO direcciones (ciudades_nombre_ciudad, calle_principal, calle_secundaria, numero_edificacion, detalle) VALUES ('Durán', 'Glorieta Fortunata Carretero', 'Urbanización Telmo Nieto', '95', 'Apt. 96');
INSERT INTO direcciones (ciudades_nombre_ciudad, calle_principal, calle_secundaria, numero_edificacion, detalle) VALUES ('Portoviejo', 'Camino de Morena Rodriguez', 'Vial Gloria Heras', '698', 'Puerta 9');
INSERT INTO direcciones (ciudades_nombre_ciudad, calle_principal, calle_secundaria, numero_edificacion, detalle) VALUES ('Durán', 'Pasaje Severo Correa', 'Avenida Marino Lorenzo', '2', 'Apt. 05');
INSERT INTO direcciones (ciudades_nombre_ciudad, calle_principal, calle_secundaria, numero_edificacion, detalle) VALUES ('Santo Domingo', 'C. de Carmela Cañizares', 'Alameda de Reinaldo Goñi', '9', 'Piso 1');
INSERT INTO direcciones (ciudades_nombre_ciudad, calle_principal, calle_secundaria, numero_edificacion, detalle) VALUES ('Quito', 'Paseo de Teo Blanca', 'Cañada Vicenta Sandoval', '6', 'Apt. 62');
INSERT INTO direcciones (ciudades_nombre_ciudad, calle_principal, calle_secundaria, numero_edificacion, detalle) VALUES ('Quito', 'Camino Camila Zabala', 'Vial de Luisa Gonzalo', '18', 'Piso 7');
INSERT INTO direcciones (ciudades_nombre_ciudad, calle_principal, calle_secundaria, numero_edificacion, detalle) VALUES ('Machala', 'Vial de Joaquina Recio', 'Acceso de Consuelo Camacho', '87', 'Piso 6');
INSERT INTO direcciones (ciudades_nombre_ciudad, calle_principal, calle_secundaria, numero_edificacion, detalle) VALUES ('Loja', 'Urbanización Asdrubal Giralt', 'Vial de Ofelia Galan', '56', 'Puerta 1');
INSERT INTO direcciones (ciudades_nombre_ciudad, calle_principal, calle_secundaria, numero_edificacion, detalle) VALUES ('Machala', 'Ronda de Hilda González', 'Pasadizo de Eliseo Ariza', '49', 'Apt. 52');
INSERT INTO direcciones (ciudades_nombre_ciudad, calle_principal, calle_secundaria, numero_edificacion, detalle) VALUES ('Loja', 'Glorieta de Pedro Porras', 'Calle Gala Iriarte', '325', 'Apt. 74');
INSERT INTO direcciones (ciudades_nombre_ciudad, calle_principal, calle_secundaria, numero_edificacion, detalle) VALUES ('Santo Domingo', 'Alameda Pepito Madrid', 'Glorieta de José Pont', '78', 'Apt. 40');
INSERT INTO direcciones (ciudades_nombre_ciudad, calle_principal, calle_secundaria, numero_edificacion, detalle) VALUES ('Cuenca', 'Plaza Jeremías Soler', 'Avenida de Emigdio Juliá', '238', 'Apt. 53');
INSERT INTO direcciones (ciudades_nombre_ciudad, calle_principal, calle_secundaria, numero_edificacion, detalle) VALUES ('Manta', 'Glorieta de Marianela Alemán', 'C. de Úrsula Castelló', '76', 'Apt. 46');
INSERT INTO direcciones (ciudades_nombre_ciudad, calle_principal, calle_secundaria, numero_edificacion, detalle) VALUES ('Ambato', 'Camino de Carmen Arias', 'Pasaje Purificación Mayo', '65', 'Puerta 2');
INSERT INTO direcciones (ciudades_nombre_ciudad, calle_principal, calle_secundaria, numero_edificacion, detalle) VALUES ('Santo Domingo', 'Cuesta de Perla Galvez', 'Pasaje de Plinio Ayuso', '60', 'Piso 0');
INSERT INTO direcciones (ciudades_nombre_ciudad, calle_principal, calle_secundaria, numero_edificacion, detalle) VALUES ('Durán', 'Callejón Abraham Jara', 'Pasadizo de Chus Tapia', '950', 'Puerta 5');
INSERT INTO direcciones (ciudades_nombre_ciudad, calle_principal, calle_secundaria, numero_edificacion, detalle) VALUES ('Santo Domingo', 'Paseo Carmen Fiol', 'C. Ale Bermudez', '10', 'Puerta 6');
INSERT INTO direcciones (ciudades_nombre_ciudad, calle_principal, calle_secundaria, numero_edificacion, detalle) VALUES ('Cuenca', 'Cañada Sancho Heras', 'Camino Calisto Alemán', '47', 'Piso 8');
INSERT INTO direcciones (ciudades_nombre_ciudad, calle_principal, calle_secundaria, numero_edificacion, detalle) VALUES ('Manta', 'Acceso Eligia Iglesias', 'Cañada de Maximino Andrade', '65', 'Apt. 73');
INSERT INTO direcciones (ciudades_nombre_ciudad, calle_principal, calle_secundaria, numero_edificacion, detalle) VALUES ('Santo Domingo', 'Acceso Cloe Zapata', 'Glorieta de Francisco Rivero', '19', 'Apt. 90');
INSERT INTO direcciones (ciudades_nombre_ciudad, calle_principal, calle_secundaria, numero_edificacion, detalle) VALUES ('Loja', 'Cuesta de Gisela Garrido', 'Avenida Itziar Alberdi', '80', 'Puerta 4');
INSERT INTO direcciones (ciudades_nombre_ciudad, calle_principal, calle_secundaria, numero_edificacion, detalle) VALUES ('Loja', 'C. de Julio Palomo', 'Plaza de Nilo Carbajo', '79', 'Apt. 40');
INSERT INTO direcciones (ciudades_nombre_ciudad, calle_principal, calle_secundaria, numero_edificacion, detalle) VALUES ('Cuenca', 'Alameda Anita Bernat', 'Pasaje de Abel Quirós', '645', 'Piso 5');
INSERT INTO direcciones (ciudades_nombre_ciudad, calle_principal, calle_secundaria, numero_edificacion, detalle) VALUES ('Portoviejo', 'Ronda de Jordán Colom', 'Calle de Patricio Bejarano', '76', 'Piso 8');
INSERT INTO direcciones (ciudades_nombre_ciudad, calle_principal, calle_secundaria, numero_edificacion, detalle) VALUES ('Quito', 'Cañada Graciano Arrieta', 'Avenida Ariadna Bejarano', '703', 'Piso 7');
INSERT INTO direcciones (ciudades_nombre_ciudad, calle_principal, calle_secundaria, numero_edificacion, detalle) VALUES ('Loja', 'Callejón de Clemente Giménez', 'Paseo Dora Mayoral', '595', 'Piso 1');
INSERT INTO direcciones (ciudades_nombre_ciudad, calle_principal, calle_secundaria, numero_edificacion, detalle) VALUES ('Loja', 'Avenida Amelia Llorente', 'Cañada Berto Merino', '890', 'Puerta 7');
INSERT INTO direcciones (ciudades_nombre_ciudad, calle_principal, calle_secundaria, numero_edificacion, detalle) VALUES ('Santo Domingo', 'Camino de Buenaventura Espada', 'Rambla de Maribel Galiano', '35', 'Piso 5');
INSERT INTO direcciones (ciudades_nombre_ciudad, calle_principal, calle_secundaria, numero_edificacion, detalle) VALUES ('Quito', 'Plaza Joaquín Rodríguez', 'C. Cándido Pastor', '109', 'Apt. 50');
INSERT INTO direcciones (ciudades_nombre_ciudad, calle_principal, calle_secundaria, numero_edificacion, detalle) VALUES ('Machala', 'Avenida de Jose Carlos Falcó', 'Camino Perlita Diego', '12', 'Piso 9');
INSERT INTO direcciones (ciudades_nombre_ciudad, calle_principal, calle_secundaria, numero_edificacion, detalle) VALUES ('Durán', 'Calle José María Lamas', 'Paseo Faustino Donoso', '40', 'Apt. 88');
INSERT INTO direcciones (ciudades_nombre_ciudad, calle_principal, calle_secundaria, numero_edificacion, detalle) VALUES ('Loja', 'Vial Salomé Herrera', 'Glorieta Gisela Quirós', '426', 'Piso 5');
INSERT INTO direcciones (ciudades_nombre_ciudad, calle_principal, calle_secundaria, numero_edificacion, detalle) VALUES ('Cuenca', 'Plaza Felicidad Baró', 'Alameda Yéssica Canet', '60', 'Piso 9');
INSERT INTO direcciones (ciudades_nombre_ciudad, calle_principal, calle_secundaria, numero_edificacion, detalle) VALUES ('Guayaquil', 'Calle de Aitor Arco', 'Acceso Mirta Haro', '8', 'Apt. 80');
INSERT INTO direcciones (ciudades_nombre_ciudad, calle_principal, calle_secundaria, numero_edificacion, detalle) VALUES ('Loja', 'Urbanización Lorenza Trillo', 'Plaza de Dan Casas', '1', 'Apt. 49');
INSERT INTO direcciones (ciudades_nombre_ciudad, calle_principal, calle_secundaria, numero_edificacion, detalle) VALUES ('Santo Domingo', 'C. de Buenaventura Escobar', 'Cañada de Sonia Sánchez', '19', 'Puerta 4');
INSERT INTO direcciones (ciudades_nombre_ciudad, calle_principal, calle_secundaria, numero_edificacion, detalle) VALUES ('Quito', 'Plaza Ani Lladó', 'Acceso de Amparo Manjón', '4', 'Apt. 18');
INSERT INTO direcciones (ciudades_nombre_ciudad, calle_principal, calle_secundaria, numero_edificacion, detalle) VALUES ('Cuenca', 'Pasaje Visitación Robles', 'Ronda de Cecilio Serra', '120', 'Apt. 63');
INSERT INTO direcciones (ciudades_nombre_ciudad, calle_principal, calle_secundaria, numero_edificacion, detalle) VALUES ('Ambato', 'Paseo Abilio Oliva', 'Paseo Dan Ortiz', '123', 'Puerta 9');
INSERT INTO direcciones (ciudades_nombre_ciudad, calle_principal, calle_secundaria, numero_edificacion, detalle) VALUES ('Portoviejo', 'Alameda Casandra Almagro', 'Camino de Zaida González', '62', 'Puerta 6');
INSERT INTO direcciones (ciudades_nombre_ciudad, calle_principal, calle_secundaria, numero_edificacion, detalle) VALUES ('Manta', 'Plaza Alejo Atienza', 'Ronda Evita Corominas', '70', 'Piso 2');
INSERT INTO direcciones (ciudades_nombre_ciudad, calle_principal, calle_secundaria, numero_edificacion, detalle) VALUES ('Cuenca', 'Alameda de Néstor Serrano', 'Pasaje de Anita Peñalver', '17', 'Puerta 8');
INSERT INTO direcciones (ciudades_nombre_ciudad, calle_principal, calle_secundaria, numero_edificacion, detalle) VALUES ('Ambato', 'Pasadizo de Úrsula Blazquez', 'Rambla de Antonia Español', '801', 'Puerta 7');
INSERT INTO direcciones (ciudades_nombre_ciudad, calle_principal, calle_secundaria, numero_edificacion, detalle) VALUES ('Santo Domingo', 'Ronda Piedad Alba', 'C. Simón Pedro', '6', 'Apt. 86');
INSERT INTO direcciones (ciudades_nombre_ciudad, calle_principal, calle_secundaria, numero_edificacion, detalle) VALUES ('Machala', 'Cuesta Consuela Gaya', 'Rambla Carolina Moles', '335', 'Apt. 91');
INSERT INTO direcciones (ciudades_nombre_ciudad, calle_principal, calle_secundaria, numero_edificacion, detalle) VALUES ('Ambato', 'Paseo de Belén Navarrete', 'Pasadizo de Paulina Muñoz', '5', 'Apt. 38');
INSERT INTO direcciones (ciudades_nombre_ciudad, calle_principal, calle_secundaria, numero_edificacion, detalle) VALUES ('Guayaquil', 'Vial de Rosalina Ávila', 'Cañada Claudio Juliá', '57', 'Piso 1');
INSERT INTO direcciones (ciudades_nombre_ciudad, calle_principal, calle_secundaria, numero_edificacion, detalle) VALUES ('Cuenca', 'Cañada Esther Cabo', 'Calle de Bernarda Navas', '2', 'Puerta 4');
INSERT INTO direcciones (ciudades_nombre_ciudad, calle_principal, calle_secundaria, numero_edificacion, detalle) VALUES ('Ambato', 'Avenida de Miguel Juliá', 'Alameda Carmen Canals', '2', 'Apt. 75');
INSERT INTO direcciones (ciudades_nombre_ciudad, calle_principal, calle_secundaria, numero_edificacion, detalle) VALUES ('Santo Domingo', 'Acceso de Godofredo Ramos', 'Alameda Kike Huertas', '55', 'Piso 6');
INSERT INTO direcciones (ciudades_nombre_ciudad, calle_principal, calle_secundaria, numero_edificacion, detalle) VALUES ('Portoviejo', 'Vial de Josefina Villena', 'Pasadizo de Mirta Abellán', '86', 'Piso 9');
INSERT INTO direcciones (ciudades_nombre_ciudad, calle_principal, calle_secundaria, numero_edificacion, detalle) VALUES ('Santo Domingo', 'Cañada Lupita Girona', 'Vial Obdulia Gisbert', '30', 'Apt. 81');
INSERT INTO direcciones (ciudades_nombre_ciudad, calle_principal, calle_secundaria, numero_edificacion, detalle) VALUES ('Santo Domingo', 'Rambla de Emiliana Briones', 'Avenida Espiridión Cerro', '71', 'Apt. 61');
INSERT INTO direcciones (ciudades_nombre_ciudad, calle_principal, calle_secundaria, numero_edificacion, detalle) VALUES ('Portoviejo', 'Cuesta Joan Antón', 'Via Lupe Frutos', '98', 'Apt. 03');
INSERT INTO direcciones (ciudades_nombre_ciudad, calle_principal, calle_secundaria, numero_edificacion, detalle) VALUES ('Manta', 'Via de Salvador Valle', 'Via de Amanda Pinedo', '257', 'Puerta 2');
INSERT INTO direcciones (ciudades_nombre_ciudad, calle_principal, calle_secundaria, numero_edificacion, detalle) VALUES ('Ambato', 'Cuesta de Isidoro Real', 'Vial de Felicia Ribas', '6', 'Apt. 62');
INSERT INTO direcciones (ciudades_nombre_ciudad, calle_principal, calle_secundaria, numero_edificacion, detalle) VALUES ('Santo Domingo', 'Cañada María José Alemany', 'Alameda Domingo Aragón', '7', 'Apt. 84');
INSERT INTO direcciones (ciudades_nombre_ciudad, calle_principal, calle_secundaria, numero_edificacion, detalle) VALUES ('Guayaquil', 'Callejón de Jacinto Marín', 'Vial de Yaiza Campoy', '59', 'Apt. 64');
INSERT INTO direcciones (ciudades_nombre_ciudad, calle_principal, calle_secundaria, numero_edificacion, detalle) VALUES ('Quito', 'Urbanización Trini Ávila', 'Camino de Vilma Silva', '37', 'Puerta 0');
INSERT INTO direcciones (ciudades_nombre_ciudad, calle_principal, calle_secundaria, numero_edificacion, detalle) VALUES ('Santo Domingo', 'Pasaje Marcio Roca', 'Avenida Matías Vázquez', '926', 'Piso 1');
INSERT INTO direcciones (ciudades_nombre_ciudad, calle_principal, calle_secundaria, numero_edificacion, detalle) VALUES ('Machala', 'Alameda Osvaldo Cabañas', 'Ronda Armando Llorente', '56', 'Piso 8');
INSERT INTO direcciones (ciudades_nombre_ciudad, calle_principal, calle_secundaria, numero_edificacion, detalle) VALUES ('Machala', 'Camino de Dani Osuna', 'Cañada de Lilia Falcón', '36', 'Apt. 28');
INSERT INTO direcciones (ciudades_nombre_ciudad, calle_principal, calle_secundaria, numero_edificacion, detalle) VALUES ('Quito', 'Via de Isabela Pelayo', 'Cuesta de Nereida Marí', '21', 'Puerta 8');
INSERT INTO direcciones (ciudades_nombre_ciudad, calle_principal, calle_secundaria, numero_edificacion, detalle) VALUES ('Santo Domingo', 'Callejón de Laura Montserrat', 'Paseo Rosa Herrera', '820', 'Apt. 27');
INSERT INTO direcciones (ciudades_nombre_ciudad, calle_principal, calle_secundaria, numero_edificacion, detalle) VALUES ('Portoviejo', 'Glorieta de Emilia Raya', 'Cuesta de Nélida Soriano', '44', 'Apt. 54');
INSERT INTO direcciones (ciudades_nombre_ciudad, calle_principal, calle_secundaria, numero_edificacion, detalle) VALUES ('Machala', 'C. de Valentina Sales', 'Via de Evita Álamo', '5', 'Apt. 29');
INSERT INTO direcciones (ciudades_nombre_ciudad, calle_principal, calle_secundaria, numero_edificacion, detalle) VALUES ('Guayaquil', 'Avenida de Alba Cantero', 'Cañada de Juliana Teruel', '75', 'Puerta 0');
INSERT INTO direcciones (ciudades_nombre_ciudad, calle_principal, calle_secundaria, numero_edificacion, detalle) VALUES ('Quito', 'Cuesta Humberto Noriega', 'Callejón Selena Llanos', '4', 'Piso 2');
INSERT INTO direcciones (ciudades_nombre_ciudad, calle_principal, calle_secundaria, numero_edificacion, detalle) VALUES ('Guayaquil', 'Via de Quirino Bustos', 'Camino Ainara Sanjuan', '16', 'Apt. 59');
INSERT INTO direcciones (ciudades_nombre_ciudad, calle_principal, calle_secundaria, numero_edificacion, detalle) VALUES ('Machala', 'Camino Débora Verdú', 'Camino de Nazario Martinez', '57', 'Apt. 86');
INSERT INTO direcciones (ciudades_nombre_ciudad, calle_principal, calle_secundaria, numero_edificacion, detalle) VALUES ('Ambato', 'Glorieta de Patricio Uría', 'Vial Anna Montero', '26', 'Puerta 9');
INSERT INTO direcciones (ciudades_nombre_ciudad, calle_principal, calle_secundaria, numero_edificacion, detalle) VALUES ('Cuenca', 'Urbanización Cleto Torrecilla', 'Rambla Gerardo Castellanos', '9', 'Puerta 8');
INSERT INTO direcciones (ciudades_nombre_ciudad, calle_principal, calle_secundaria, numero_edificacion, detalle) VALUES ('Durán', 'Via de Eladio Palomo', 'Cuesta Ángela Estrada', '10', 'Apt. 92');
INSERT INTO direcciones (ciudades_nombre_ciudad, calle_principal, calle_secundaria, numero_edificacion, detalle) VALUES ('Portoviejo', 'Urbanización Manu Campos', 'Rambla Macarena Santiago', '93', 'Piso 5');
INSERT INTO direcciones (ciudades_nombre_ciudad, calle_principal, calle_secundaria, numero_edificacion, detalle) VALUES ('Portoviejo', 'Vial Cristina Gordillo', 'Ronda de Encarnacion Robledo', '361', 'Piso 4');
INSERT INTO direcciones (ciudades_nombre_ciudad, calle_principal, calle_secundaria, numero_edificacion, detalle) VALUES ('Guayaquil', 'Paseo de Daniel Nadal', 'Glorieta de Marisol Salgado', '167', 'Piso 9');
INSERT INTO direcciones (ciudades_nombre_ciudad, calle_principal, calle_secundaria, numero_edificacion, detalle) VALUES ('Loja', 'Camino de Jimena Rosselló', 'Cuesta Feliciano Madrigal', '66', 'Piso 8');
INSERT INTO direcciones (ciudades_nombre_ciudad, calle_principal, calle_secundaria, numero_edificacion, detalle) VALUES ('Cuenca', 'Pasadizo de Merche Vazquez', 'Pasaje de Ale Blanes', '7', 'Piso 2');
INSERT INTO direcciones (ciudades_nombre_ciudad, calle_principal, calle_secundaria, numero_edificacion, detalle) VALUES ('Durán', 'Via de Armida Vicente', 'Pasaje de Baldomero Hernando', '884', 'Apt. 22');
INSERT INTO direcciones (ciudades_nombre_ciudad, calle_principal, calle_secundaria, numero_edificacion, detalle) VALUES ('Guayaquil', 'Urbanización Azucena Morillo', 'Avenida Felix Aguado', '112', 'Apt. 25');
INSERT INTO direcciones (ciudades_nombre_ciudad, calle_principal, calle_secundaria, numero_edificacion, detalle) VALUES ('Santo Domingo', 'Rambla de Miguel Ángel Izquierdo', 'Cuesta Jose Ignacio Girona', '53', 'Piso 1');
INSERT INTO direcciones (ciudades_nombre_ciudad, calle_principal, calle_secundaria, numero_edificacion, detalle) VALUES ('Quito', 'Vial de María Fernanda Santos', 'Avenida de Diego Saura', '970', 'Piso 5');
INSERT INTO direcciones (ciudades_nombre_ciudad, calle_principal, calle_secundaria, numero_edificacion, detalle) VALUES ('Santo Domingo', 'Camino Crescencia Barrio', 'C. Benito Carmona', '44', 'Puerta 4');
INSERT INTO direcciones (ciudades_nombre_ciudad, calle_principal, calle_secundaria, numero_edificacion, detalle) VALUES ('Guayaquil', 'Vial de Rosa María Macías', 'C. de Ana Belén Ariza', '6', 'Puerta 1');
INSERT INTO direcciones (ciudades_nombre_ciudad, calle_principal, calle_secundaria, numero_edificacion, detalle) VALUES ('Machala', 'Urbanización Olga Ros', 'Cuesta de Lucila Bejarano', '27', 'Piso 6');
INSERT INTO direcciones (ciudades_nombre_ciudad, calle_principal, calle_secundaria, numero_edificacion, detalle) VALUES ('Guayaquil', 'Alameda Feliciana Pinilla', 'Calle de Eulalia Nadal', '56', 'Apt. 26');
INSERT INTO direcciones (ciudades_nombre_ciudad, calle_principal, calle_secundaria, numero_edificacion, detalle) VALUES ('Quito', 'Alameda Mireia Iñiguez', 'Cuesta Alfonso Alemany', '15', 'Apt. 50');
INSERT INTO direcciones (ciudades_nombre_ciudad, calle_principal, calle_secundaria, numero_edificacion, detalle) VALUES ('Quito', 'Cuesta Rosalva Llopis', 'Rambla de Rita Barroso', '31', 'Apt. 65');
INSERT INTO direcciones (ciudades_nombre_ciudad, calle_principal, calle_secundaria, numero_edificacion, detalle) VALUES ('Quito', 'Avenida de Perla Vazquez', 'Acceso Oriana Macías', '91', 'Puerta 0');
INSERT INTO direcciones (ciudades_nombre_ciudad, calle_principal, calle_secundaria, numero_edificacion, detalle) VALUES ('Guayaquil', 'Paseo de Agustín Anaya', 'Calle de Galo Urrutia', '72', 'Piso 2');
INSERT INTO direcciones (ciudades_nombre_ciudad, calle_principal, calle_secundaria, numero_edificacion, detalle) VALUES ('Machala', 'Camino Cleto Hernando', 'Acceso Berta Becerra', '65', 'Piso 7');
INSERT INTO direcciones (ciudades_nombre_ciudad, calle_principal, calle_secundaria, numero_edificacion, detalle) VALUES ('Loja', 'Alameda de Agustín Gálvez', 'Acceso de Elena Moles', '32', 'Apt. 77');
INSERT INTO direcciones (ciudades_nombre_ciudad, calle_principal, calle_secundaria, numero_edificacion, detalle) VALUES ('Ambato', 'Rambla Cosme Armas', 'Rambla de Maricruz Ugarte', '3', 'Puerta 3');
INSERT INTO direcciones (ciudades_nombre_ciudad, calle_principal, calle_secundaria, numero_edificacion, detalle) VALUES ('Loja', 'C. Pepito Barco', 'Paseo Fidela Toro', '81', 'Piso 1');
INSERT INTO direcciones (ciudades_nombre_ciudad, calle_principal, calle_secundaria, numero_edificacion, detalle) VALUES ('Ambato', 'Pasadizo Amaro Villalobos', 'Acceso de Ruth Soler', '35', 'Puerta 6');
INSERT INTO direcciones (ciudades_nombre_ciudad, calle_principal, calle_secundaria, numero_edificacion, detalle) VALUES ('Guayaquil', 'Alameda Febe Sancho', 'Ronda de Benigno Oliva', '10', 'Apt. 39');
INSERT INTO direcciones (ciudades_nombre_ciudad, calle_principal, calle_secundaria, numero_edificacion, detalle) VALUES ('Portoviejo', 'Calle Amalia Salmerón', 'Camino de Jordana Aller', '9', 'Apt. 28');
INSERT INTO direcciones (ciudades_nombre_ciudad, calle_principal, calle_secundaria, numero_edificacion, detalle) VALUES ('Quito', 'Vial Samuel Pazos', 'Vial Ana Cepeda', '32', 'Apt. 39');
INSERT INTO direcciones (ciudades_nombre_ciudad, calle_principal, calle_secundaria, numero_edificacion, detalle) VALUES ('Guayaquil', 'Pasaje de Aitor Rueda', 'Urbanización de Pablo Roda', '74', 'Piso 8');
INSERT INTO direcciones (ciudades_nombre_ciudad, calle_principal, calle_secundaria, numero_edificacion, detalle) VALUES ('Santo Domingo', 'Glorieta Joan Ramírez', 'Vial Gregorio Solé', '87', 'Puerta 5');
INSERT INTO direcciones (ciudades_nombre_ciudad, calle_principal, calle_secundaria, numero_edificacion, detalle) VALUES ('Durán', 'Glorieta de Clemente Otero', 'Calle de Elías Fernandez', '82', 'Piso 6');
INSERT INTO direcciones (ciudades_nombre_ciudad, calle_principal, calle_secundaria, numero_edificacion, detalle) VALUES ('Loja', 'C. de Rosendo Madrid', 'Pasadizo Fabio Molins', '50', 'Apt. 32');
INSERT INTO direcciones (ciudades_nombre_ciudad, calle_principal, calle_secundaria, numero_edificacion, detalle) VALUES ('Manta', 'Urbanización Flor Calatayud', 'Glorieta de Cándido Zorrilla', '796', 'Puerta 5');
INSERT INTO direcciones (ciudades_nombre_ciudad, calle_principal, calle_secundaria, numero_edificacion, detalle) VALUES ('Ambato', 'Glorieta Manu Dominguez', 'Vial de Severiano Verdú', '514', 'Apt. 44');
INSERT INTO direcciones (ciudades_nombre_ciudad, calle_principal, calle_secundaria, numero_edificacion, detalle) VALUES ('Portoviejo', 'Acceso de Emperatriz Barranco', 'Camino Fidel Escribano', '44', 'Apt. 64');
INSERT INTO direcciones (ciudades_nombre_ciudad, calle_principal, calle_secundaria, numero_edificacion, detalle) VALUES ('Santo Domingo', 'Alameda Agapito Tovar', 'C. de Jorge Badía', '201', 'Apt. 82');
INSERT INTO direcciones (ciudades_nombre_ciudad, calle_principal, calle_secundaria, numero_edificacion, detalle) VALUES ('Santo Domingo', 'Glorieta de Samanta Berrocal', 'Acceso Silvestre Moya', '83', 'Puerta 2');
INSERT INTO direcciones (ciudades_nombre_ciudad, calle_principal, calle_secundaria, numero_edificacion, detalle) VALUES ('Guayaquil', 'Pasadizo de Goyo Gelabert', 'Paseo Héctor Tejero', '93', 'Puerta 0');
INSERT INTO direcciones (ciudades_nombre_ciudad, calle_principal, calle_secundaria, numero_edificacion, detalle) VALUES ('Durán', 'C. de Ovidio Palacio', 'Avenida de Guiomar Macias', '95', 'Piso 9');
INSERT INTO direcciones (ciudades_nombre_ciudad, calle_principal, calle_secundaria, numero_edificacion, detalle) VALUES ('Portoviejo', 'Cañada Hipólito Cardona', 'Pasadizo Saturnina Amat', '45', 'Apt. 16');
INSERT INTO direcciones (ciudades_nombre_ciudad, calle_principal, calle_secundaria, numero_edificacion, detalle) VALUES ('Loja', 'Paseo de Inés Iñiguez', 'Pasaje de Diego Perera', '148', 'Piso 4');
INSERT INTO direcciones (ciudades_nombre_ciudad, calle_principal, calle_secundaria, numero_edificacion, detalle) VALUES ('Santo Domingo', 'Alameda Edelmira Nevado', 'Pasaje Cayetana Ferrero', '79', 'Piso 5');
INSERT INTO direcciones (ciudades_nombre_ciudad, calle_principal, calle_secundaria, numero_edificacion, detalle) VALUES ('Santo Domingo', 'Urbanización de José María Quintanilla', 'Calle Adoración Figueroa', '67', 'Piso 6');
INSERT INTO direcciones (ciudades_nombre_ciudad, calle_principal, calle_secundaria, numero_edificacion, detalle) VALUES ('Durán', 'Ronda de Cándido Barrera', 'Cañada Hugo Gárate', '68', 'Puerta 3');
INSERT INTO direcciones (ciudades_nombre_ciudad, calle_principal, calle_secundaria, numero_edificacion, detalle) VALUES ('Machala', 'Avenida de Julie Moya', 'Acceso Lucio Gallego', '64', 'Piso 8');
INSERT INTO direcciones (ciudades_nombre_ciudad, calle_principal, calle_secundaria, numero_edificacion, detalle) VALUES ('Loja', 'Glorieta de Jose Ramón Soriano', 'Alameda Lorenza Ferrer', '64', 'Apt. 80');
INSERT INTO direcciones (ciudades_nombre_ciudad, calle_principal, calle_secundaria, numero_edificacion, detalle) VALUES ('Portoviejo', 'Via Quique Parejo', 'Calle Dulce Blanco', '32', 'Apt. 06');
INSERT INTO direcciones (ciudades_nombre_ciudad, calle_principal, calle_secundaria, numero_edificacion, detalle) VALUES ('Ambato', 'Paseo Eva María Peiró', 'Plaza Agustín Velázquez', '51', 'Piso 6');
INSERT INTO direcciones (ciudades_nombre_ciudad, calle_principal, calle_secundaria, numero_edificacion, detalle) VALUES ('Cuenca', 'Vial de Azucena Huertas', 'C. Gustavo Benítez', '932', 'Puerta 9');
INSERT INTO direcciones (ciudades_nombre_ciudad, calle_principal, calle_secundaria, numero_edificacion, detalle) VALUES ('Manta', 'Camino Joel Perelló', 'Acceso de Jovita Miralles', '247', 'Apt. 78');
INSERT INTO direcciones (ciudades_nombre_ciudad, calle_principal, calle_secundaria, numero_edificacion, detalle) VALUES ('Santo Domingo', 'Urbanización de Ignacia Morillo', 'Via Pilar Estévez', '72', 'Piso 0');
INSERT INTO direcciones (ciudades_nombre_ciudad, calle_principal, calle_secundaria, numero_edificacion, detalle) VALUES ('Machala', 'Ronda Anastasio Blasco', 'Calle de Alba Bilbao', '6', 'Puerta 1');
INSERT INTO direcciones (ciudades_nombre_ciudad, calle_principal, calle_secundaria, numero_edificacion, detalle) VALUES ('Ambato', 'Plaza de Amando Bartolomé', 'Pasadizo de Nicodemo Zabaleta', '75', 'Puerta 9');
INSERT INTO direcciones (ciudades_nombre_ciudad, calle_principal, calle_secundaria, numero_edificacion, detalle) VALUES ('Santo Domingo', 'Alameda Ale Arias', 'Vial de Adelardo Pomares', '1', 'Apt. 34');
INSERT INTO direcciones (ciudades_nombre_ciudad, calle_principal, calle_secundaria, numero_edificacion, detalle) VALUES ('Durán', 'Via de Tiburcio Montalbán', 'Calle de Saturnina Berrocal', '95', 'Puerta 3');
INSERT INTO direcciones (ciudades_nombre_ciudad, calle_principal, calle_secundaria, numero_edificacion, detalle) VALUES ('Guayaquil', 'Cañada Haroldo Llanos', 'Vial de Juan José Royo', '97', 'Puerta 9');
INSERT INTO direcciones (ciudades_nombre_ciudad, calle_principal, calle_secundaria, numero_edificacion, detalle) VALUES ('Manta', 'Ronda Paula Prat', 'Rambla de Zacarías Poza', '66', 'Piso 1');
INSERT INTO direcciones (ciudades_nombre_ciudad, calle_principal, calle_secundaria, numero_edificacion, detalle) VALUES ('Guayaquil', 'Avenida de Lope Cano', 'Vial Wálter Ledesma', '51', 'Apt. 88');
INSERT INTO direcciones (ciudades_nombre_ciudad, calle_principal, calle_secundaria, numero_edificacion, detalle) VALUES ('Guayaquil', 'C. Félix Egea', 'Pasaje Yago Castañeda', '59', 'Apt. 17');
INSERT INTO direcciones (ciudades_nombre_ciudad, calle_principal, calle_secundaria, numero_edificacion, detalle) VALUES ('Quito', 'Glorieta de Celestino Ramón', 'C. Manuel Montero', '76', 'Puerta 7');
INSERT INTO direcciones (ciudades_nombre_ciudad, calle_principal, calle_secundaria, numero_edificacion, detalle) VALUES ('Manta', 'C. de Adelardo Sáenz', 'Acceso Virgilio Asensio', '57', 'Piso 1');
INSERT INTO direcciones (ciudades_nombre_ciudad, calle_principal, calle_secundaria, numero_edificacion, detalle) VALUES ('Manta', 'Rambla de Marco Cañete', 'Urbanización Encarnacion Marti', '1', 'Piso 3');
INSERT INTO direcciones (ciudades_nombre_ciudad, calle_principal, calle_secundaria, numero_edificacion, detalle) VALUES ('Ambato', 'Acceso de Godofredo Elías', 'Pasaje de Hugo Sureda', '92', 'Puerta 4');
INSERT INTO direcciones (ciudades_nombre_ciudad, calle_principal, calle_secundaria, numero_edificacion, detalle) VALUES ('Quito', 'Alameda de Máxima Bernad', 'Rambla Belen Alberola', '78', 'Apt. 29');
INSERT INTO direcciones (ciudades_nombre_ciudad, calle_principal, calle_secundaria, numero_edificacion, detalle) VALUES ('Cuenca', 'Pasaje de Encarnación Rosado', 'C. Atilio Quirós', '61', 'Puerta 1');
INSERT INTO direcciones (ciudades_nombre_ciudad, calle_principal, calle_secundaria, numero_edificacion, detalle) VALUES ('Durán', 'Cuesta Esther Durán', 'C. de Jimena Cañas', '707', 'Puerta 1');
INSERT INTO direcciones (ciudades_nombre_ciudad, calle_principal, calle_secundaria, numero_edificacion, detalle) VALUES ('Santo Domingo', 'Plaza Jose Antonio Llobet', 'Acceso Berto Galvez', '72', 'Puerta 0');
INSERT INTO direcciones (ciudades_nombre_ciudad, calle_principal, calle_secundaria, numero_edificacion, detalle) VALUES ('Santo Domingo', 'Pasaje de Lupe Solano', 'Calle de Berta Bauzà', '97', 'Puerta 3');
INSERT INTO direcciones (ciudades_nombre_ciudad, calle_principal, calle_secundaria, numero_edificacion, detalle) VALUES ('Durán', 'Urbanización de Manuelita Hervás', 'Plaza de Juanito Cerdán', '7', 'Puerta 7');
INSERT INTO direcciones (ciudades_nombre_ciudad, calle_principal, calle_secundaria, numero_edificacion, detalle) VALUES ('Manta', 'Pasaje Felicia Garrido', 'Cuesta Ligia Tirado', '9', 'Piso 6');
INSERT INTO direcciones (ciudades_nombre_ciudad, calle_principal, calle_secundaria, numero_edificacion, detalle) VALUES ('Ambato', 'Acceso de María Ángeles Abascal', 'Acceso Eduardo Valverde', '33', 'Piso 1');
INSERT INTO direcciones (ciudades_nombre_ciudad, calle_principal, calle_secundaria, numero_edificacion, detalle) VALUES ('Ambato', 'Urbanización Eutropio Verdejo', 'Via Hilario Morell', '373', 'Apt. 15');
INSERT INTO direcciones (ciudades_nombre_ciudad, calle_principal, calle_secundaria, numero_edificacion, detalle) VALUES ('Manta', 'Cuesta de Florencia Reina', 'Cuesta Andrea Torrijos', '8', 'Puerta 4');
INSERT INTO direcciones (ciudades_nombre_ciudad, calle_principal, calle_secundaria, numero_edificacion, detalle) VALUES ('Quito', 'Cañada de Chucho Rebollo', 'Via de Encarnación Serra', '2', 'Piso 9');
INSERT INTO direcciones (ciudades_nombre_ciudad, calle_principal, calle_secundaria, numero_edificacion, detalle) VALUES ('Machala', 'Calle de Primitiva Aranda', 'Ronda Ruben Nicolau', '43', 'Puerta 5');
INSERT INTO direcciones (ciudades_nombre_ciudad, calle_principal, calle_secundaria, numero_edificacion, detalle) VALUES ('Guayaquil', 'Alameda María Agudo', 'Avenida de Cándida Cuéllar', '46', 'Apt. 48');
INSERT INTO direcciones (ciudades_nombre_ciudad, calle_principal, calle_secundaria, numero_edificacion, detalle) VALUES ('Ambato', 'Acceso Perla Casanova', 'Cañada de Ainoa Aguiló', '1', 'Puerta 6');
INSERT INTO direcciones (ciudades_nombre_ciudad, calle_principal, calle_secundaria, numero_edificacion, detalle) VALUES ('Guayaquil', 'Acceso de Aura Larrea', 'Pasadizo Amancio Suárez', '91', 'Piso 7');
INSERT INTO direcciones (ciudades_nombre_ciudad, calle_principal, calle_secundaria, numero_edificacion, detalle) VALUES ('Quito', 'Rambla Piedad Carrasco', 'Pasaje de Esther Pardo', '33', 'Apt. 18');
INSERT INTO direcciones (ciudades_nombre_ciudad, calle_principal, calle_secundaria, numero_edificacion, detalle) VALUES ('Santo Domingo', 'Calle de Patricio Planas', 'Glorieta de José Aragonés', '940', 'Puerta 3');
INSERT INTO direcciones (ciudades_nombre_ciudad, calle_principal, calle_secundaria, numero_edificacion, detalle) VALUES ('Quito', 'C. Priscila Moll', 'Plaza Dan Fuster', '45', 'Puerta 1');
INSERT INTO direcciones (ciudades_nombre_ciudad, calle_principal, calle_secundaria, numero_edificacion, detalle) VALUES ('Loja', 'Camino Nerea Frutos', 'Pasaje Leticia Puig', '51', 'Puerta 3');
INSERT INTO direcciones (ciudades_nombre_ciudad, calle_principal, calle_secundaria, numero_edificacion, detalle) VALUES ('Loja', 'Plaza Hilario Asenjo', 'Via Paulina Oliveras', '42', 'Piso 7');
INSERT INTO direcciones (ciudades_nombre_ciudad, calle_principal, calle_secundaria, numero_edificacion, detalle) VALUES ('Cuenca', 'Plaza de Montserrat Morillo', 'Glorieta de Juan Antonio Tormo', '976', 'Piso 8');
INSERT INTO direcciones (ciudades_nombre_ciudad, calle_principal, calle_secundaria, numero_edificacion, detalle) VALUES ('Cuenca', 'Pasadizo de Rosario Canales', 'Alameda Ligia Macías', '71', 'Piso 4');
INSERT INTO direcciones (ciudades_nombre_ciudad, calle_principal, calle_secundaria, numero_edificacion, detalle) VALUES ('Ambato', 'Acceso Desiderio Samper', 'Avenida de Dulce Ramis', '727', 'Puerta 2');
INSERT INTO direcciones (ciudades_nombre_ciudad, calle_principal, calle_secundaria, numero_edificacion, detalle) VALUES ('Cuenca', 'Acceso de Jose Angel Hoz', 'Ronda de Benigna Piñeiro', '807', 'Apt. 67');
INSERT INTO direcciones (ciudades_nombre_ciudad, calle_principal, calle_secundaria, numero_edificacion, detalle) VALUES ('Loja', 'Calle Osvaldo Maestre', 'Glorieta de Mayte Garzón', '58', 'Apt. 65');
INSERT INTO direcciones (ciudades_nombre_ciudad, calle_principal, calle_secundaria, numero_edificacion, detalle) VALUES ('Portoviejo', 'Calle Omar Muñoz', 'Alameda de Aitana Benítez', '98', 'Puerta 8');
INSERT INTO direcciones (ciudades_nombre_ciudad, calle_principal, calle_secundaria, numero_edificacion, detalle) VALUES ('Durán', 'Paseo Fermín Aguiló', 'Pasadizo Olivia Nuñez', '561', 'Piso 4');
INSERT INTO direcciones (ciudades_nombre_ciudad, calle_principal, calle_secundaria, numero_edificacion, detalle) VALUES ('Portoviejo', 'Callejón Rocío Vizcaíno', 'Via Eutropio Arranz', '6', 'Piso 0');
INSERT INTO direcciones (ciudades_nombre_ciudad, calle_principal, calle_secundaria, numero_edificacion, detalle) VALUES ('Manta', 'Callejón de Mario Miguel', 'Paseo de Darío Morillo', '87', 'Puerta 3');
INSERT INTO direcciones (ciudades_nombre_ciudad, calle_principal, calle_secundaria, numero_edificacion, detalle) VALUES ('Quito', 'Urbanización Leire Mora', 'Rambla de Agustina Solana', '30', 'Piso 2');
INSERT INTO direcciones (ciudades_nombre_ciudad, calle_principal, calle_secundaria, numero_edificacion, detalle) VALUES ('Cuenca', 'Paseo de Luna Galvez', 'Ronda Azucena Rivas', '55', 'Piso 8');
INSERT INTO direcciones (ciudades_nombre_ciudad, calle_principal, calle_secundaria, numero_edificacion, detalle) VALUES ('Quito', 'Rambla de Julio Guerra', 'Calle de Edelmiro Vilaplana', '6', 'Puerta 3');
INSERT INTO direcciones (ciudades_nombre_ciudad, calle_principal, calle_secundaria, numero_edificacion, detalle) VALUES ('Loja', 'Avenida Eloy Leon', 'Camino de Ulises Castillo', '93', 'Puerta 1');
INSERT INTO direcciones (ciudades_nombre_ciudad, calle_principal, calle_secundaria, numero_edificacion, detalle) VALUES ('Cuenca', 'Plaza Melchor Nicolás', 'Via de Efraín Polo', '82', 'Puerta 4');
INSERT INTO direcciones (ciudades_nombre_ciudad, calle_principal, calle_secundaria, numero_edificacion, detalle) VALUES ('Cuenca', 'Plaza Saturnina Mendoza', 'Paseo Marisela Jaume', '3', 'Piso 1');
INSERT INTO direcciones (ciudades_nombre_ciudad, calle_principal, calle_secundaria, numero_edificacion, detalle) VALUES ('Loja', 'Rambla de Morena Santiago', 'Glorieta Jenny Pujol', '783', 'Apt. 33');
INSERT INTO direcciones (ciudades_nombre_ciudad, calle_principal, calle_secundaria, numero_edificacion, detalle) VALUES ('Ambato', 'Glorieta Dan Rocha', 'Rambla Sandra Oller', '7', 'Apt. 17');
INSERT INTO direcciones (ciudades_nombre_ciudad, calle_principal, calle_secundaria, numero_edificacion, detalle) VALUES ('Cuenca', 'Calle de Nilo Marín', 'Via de Ester Tomás', '75', 'Puerta 5');
INSERT INTO direcciones (ciudades_nombre_ciudad, calle_principal, calle_secundaria, numero_edificacion, detalle) VALUES ('Machala', 'Vial Pepe Porta', 'Camino Marcelo Andres', '122', 'Piso 5');
INSERT INTO direcciones (ciudades_nombre_ciudad, calle_principal, calle_secundaria, numero_edificacion, detalle) VALUES ('Ambato', 'Calle de Lola Comas', 'Callejón Teodora Palma', '23', 'Piso 6');
INSERT INTO direcciones (ciudades_nombre_ciudad, calle_principal, calle_secundaria, numero_edificacion, detalle) VALUES ('Portoviejo', 'Calle Cosme Araujo', 'Alameda de Marc Llorente', '46', 'Piso 9');
INSERT INTO direcciones (ciudades_nombre_ciudad, calle_principal, calle_secundaria, numero_edificacion, detalle) VALUES ('Portoviejo', 'Cañada de Rodolfo Pavón', 'Paseo Jacinto Pedro', '7', 'Piso 3');
INSERT INTO direcciones (ciudades_nombre_ciudad, calle_principal, calle_secundaria, numero_edificacion, detalle) VALUES ('Loja', 'Rambla Berta Barrios', 'Calle Iris Bermejo', '16', 'Piso 6');

-- Usuarios
INSERT INTO usuarios (cedula, nombre, apellidos, correo, contrasena, numero_telefono, id_direccion_principal) VALUES ('8280062031', 'Baltasar', 'Ferrández', 'noguerafabian@example.org', 'password123', '+34 876 733 294', 128);
INSERT INTO usuarios (cedula, nombre, apellidos, correo, contrasena, numero_telefono, id_direccion_principal) VALUES ('1889838016', 'Aarón', 'Vila', 'feliciaacevedo@example.net', 'password123', '+34 982560862', 134);
INSERT INTO usuarios (cedula, nombre, apellidos, correo, contrasena, numero_telefono, id_direccion_principal) VALUES ('8120655308', 'Magdalena', 'Osuna', 'canetale@example.org', 'password123', '+34 824 439 806', 11);
INSERT INTO usuarios (cedula, nombre, apellidos, correo, contrasena, numero_telefono, id_direccion_principal) VALUES ('6165690397', 'Marisol', 'Rodrigo', 'camilofrias@example.com', 'password123', '+34 946001171', 114);
INSERT INTO usuarios (cedula, nombre, apellidos, correo, contrasena, numero_telefono, id_direccion_principal) VALUES ('9542353970', 'Nidia', 'Alberto', 'trinicobos@example.com', 'password123', '+34980 036 047', 101);
INSERT INTO usuarios (cedula, nombre, apellidos, correo, contrasena, numero_telefono, id_direccion_principal) VALUES ('5606107092', 'Bernardo', 'Criado', 'fiolmarina@example.net', 'password123', '+34981787449', 84);
INSERT INTO usuarios (cedula, nombre, apellidos, correo, contrasena, numero_telefono, id_direccion_principal) VALUES ('7889018029', 'Rico', 'Andrade', 'perla72@example.com', 'password123', '+34 923 093 098', 31);
INSERT INTO usuarios (cedula, nombre, apellidos, correo, contrasena, numero_telefono, id_direccion_principal) VALUES ('9619632927', 'Guillermo', 'Martinez', 'boixnicolasa@example.com', 'password123', '+34920 15 33 27', 91);
INSERT INTO usuarios (cedula, nombre, apellidos, correo, contrasena, numero_telefono, id_direccion_principal) VALUES ('9128463862', 'María Belén', 'Rueda', 'csegovia@example.org', 'password123', '+34943 181 986', 182);
INSERT INTO usuarios (cedula, nombre, apellidos, correo, contrasena, numero_telefono, id_direccion_principal) VALUES ('5455547191', 'Goyo', 'Burgos', 'ariel29@example.org', 'password123', '+34983002474', 15);
INSERT INTO usuarios (cedula, nombre, apellidos, correo, contrasena, numero_telefono, id_direccion_principal) VALUES ('3497015275', 'Reyes', 'Ariza', 'lauracarbonell@example.org', 'password123', '+34845 87 23 98', 133);
INSERT INTO usuarios (cedula, nombre, apellidos, correo, contrasena, numero_telefono, id_direccion_principal) VALUES ('7588680066', 'Caridad', 'Gárate', 'villegasfabiola@example.net', 'password123', '+34871583171', 20);
INSERT INTO usuarios (cedula, nombre, apellidos, correo, contrasena, numero_telefono, id_direccion_principal) VALUES ('9318277923', 'Eric', 'Zamorano', 'javier64@example.net', 'password123', '+34807669655', 181);
INSERT INTO usuarios (cedula, nombre, apellidos, correo, contrasena, numero_telefono, id_direccion_principal) VALUES ('9036781829', 'Ainoa', 'Jaén', 'jimenaroda@example.net', 'password123', '+34900 776 666', 105);
INSERT INTO usuarios (cedula, nombre, apellidos, correo, contrasena, numero_telefono, id_direccion_principal) VALUES ('6662636123', 'Valeria', 'Cánovas', 'martinacisneros@example.org', 'password123', '+34 849 353 951', 62);
INSERT INTO usuarios (cedula, nombre, apellidos, correo, contrasena, numero_telefono, id_direccion_principal) VALUES ('8211824030', 'Angelina', 'Salcedo', 'jose66@example.com', 'password123', '+34947 37 77 42', 200);
INSERT INTO usuarios (cedula, nombre, apellidos, correo, contrasena, numero_telefono, id_direccion_principal) VALUES ('3226965754', 'Rosalva', 'Perea', 'aaronalmeida@example.org', 'password123', '+34944494471', 48);
INSERT INTO usuarios (cedula, nombre, apellidos, correo, contrasena, numero_telefono, id_direccion_principal) VALUES ('2069602549', 'Bienvenida', 'Dávila', 'alvarosalud@example.net', 'password123', '+34821587545', 19);
INSERT INTO usuarios (cedula, nombre, apellidos, correo, contrasena, numero_telefono, id_direccion_principal) VALUES ('3831647036', 'Cirino', 'Valera', 'jrosell@example.net', 'password123', '+34 885311280', 108);
INSERT INTO usuarios (cedula, nombre, apellidos, correo, contrasena, numero_telefono, id_direccion_principal) VALUES ('6450020987', 'Angelita', 'Pombo', 'currorossello@example.org', 'password123', '+34927 73 98 26', 26);
INSERT INTO usuarios (cedula, nombre, apellidos, correo, contrasena, numero_telefono, id_direccion_principal) VALUES ('5908070498', 'Pepito', 'Iborra', 'matecandelario@example.org', 'password123', '+34879 53 05 81', 91);
INSERT INTO usuarios (cedula, nombre, apellidos, correo, contrasena, numero_telefono, id_direccion_principal) VALUES ('2561499113', 'Alma', 'Chamorro', 'boadaamador@example.com', 'password123', '+34 821541390', 38);
INSERT INTO usuarios (cedula, nombre, apellidos, correo, contrasena, numero_telefono, id_direccion_principal) VALUES ('8406202347', 'Eduardo', 'Almansa', 'testeve@example.org', 'password123', '+34945824057', 22);
INSERT INTO usuarios (cedula, nombre, apellidos, correo, contrasena, numero_telefono, id_direccion_principal) VALUES ('2893327153', 'Amílcar', 'Jaume', 'delgadopaulina@example.org', 'password123', '+34 980 583 640', 169);
INSERT INTO usuarios (cedula, nombre, apellidos, correo, contrasena, numero_telefono, id_direccion_principal) VALUES ('7262170475', 'Encarnación', 'Andrés', 'melorza@example.org', 'password123', '+34 821 802 858', 52);
INSERT INTO usuarios (cedula, nombre, apellidos, correo, contrasena, numero_telefono, id_direccion_principal) VALUES ('7341847205', 'Bernardita', 'Farré', 'abiliosevillano@example.org', 'password123', '+34882553173', 141);
INSERT INTO usuarios (cedula, nombre, apellidos, correo, contrasena, numero_telefono, id_direccion_principal) VALUES ('2571906804', 'Carmina', 'Llanos', 'rginer@example.com', 'password123', '+34843738882', 99);
INSERT INTO usuarios (cedula, nombre, apellidos, correo, contrasena, numero_telefono, id_direccion_principal) VALUES ('8224860072', 'Luna', 'Gisbert', 'soleraalbano@example.net', 'password123', '+34852 839 975', 49);
INSERT INTO usuarios (cedula, nombre, apellidos, correo, contrasena, numero_telefono, id_direccion_principal) VALUES ('8698398576', 'Alberto', 'Lasa', 'xolivera@example.net', 'password123', '+34824 64 63 68', 40);
INSERT INTO usuarios (cedula, nombre, apellidos, correo, contrasena, numero_telefono, id_direccion_principal) VALUES ('2930197820', 'Sigfrido', 'Otero', 'doritasole@example.org', 'password123', '+34841917794', 29);
INSERT INTO usuarios (cedula, nombre, apellidos, correo, contrasena, numero_telefono, id_direccion_principal) VALUES ('8967830274', 'Damián', 'Vega', 'fortunatosaavedra@example.com', 'password123', '+34 865 50 26 4', 154);
INSERT INTO usuarios (cedula, nombre, apellidos, correo, contrasena, numero_telefono, id_direccion_principal) VALUES ('1186544370', 'Pablo', 'Arjona', 'ribamaximo@example.net', 'password123', '+34 987 77 60 6', 1);
INSERT INTO usuarios (cedula, nombre, apellidos, correo, contrasena, numero_telefono, id_direccion_principal) VALUES ('7099284731', 'Úrsula', 'Antúnez', 'mmolins@example.net', 'password123', '+34968 342 003', 58);
INSERT INTO usuarios (cedula, nombre, apellidos, correo, contrasena, numero_telefono, id_direccion_principal) VALUES ('9714259251', 'Manu', 'Asenjo', 'hfuertes@example.org', 'password123', '+34934 89 94 04', 7);
INSERT INTO usuarios (cedula, nombre, apellidos, correo, contrasena, numero_telefono, id_direccion_principal) VALUES ('2670044965', 'Tecla', 'Sastre', 'posadaaaron@example.com', 'password123', '+34 823 47 37 5', 38);
INSERT INTO usuarios (cedula, nombre, apellidos, correo, contrasena, numero_telefono, id_direccion_principal) VALUES ('6242378484', 'Azeneth', 'Castells', 'novoainigo@example.com', 'password123', '+34 920 66 04 1', 130);
INSERT INTO usuarios (cedula, nombre, apellidos, correo, contrasena, numero_telefono, id_direccion_principal) VALUES ('6302428944', 'Teodoro', 'Aroca', 'ccampillo@example.com', 'password123', '+34 925541321', 55);
INSERT INTO usuarios (cedula, nombre, apellidos, correo, contrasena, numero_telefono, id_direccion_principal) VALUES ('2825981010', 'Paloma', 'Arco', 'gonzalo71@example.com', 'password123', '+34 921 792 727', 171);
INSERT INTO usuarios (cedula, nombre, apellidos, correo, contrasena, numero_telefono, id_direccion_principal) VALUES ('2419296122', 'Bernabé', 'Mercader', 'javierhervia@example.com', 'password123', '+34 854364615', 148);
INSERT INTO usuarios (cedula, nombre, apellidos, correo, contrasena, numero_telefono, id_direccion_principal) VALUES ('8064825494', 'Gala', 'Segovia', 'salomon30@example.com', 'password123', '+34973 01 72 32', 11);
INSERT INTO usuarios (cedula, nombre, apellidos, correo, contrasena, numero_telefono, id_direccion_principal) VALUES ('1733945125', 'Juan Carlos', 'Castillo', 'torrensbasilio@example.net', 'password123', '+34 825 49 12 7', 57);
INSERT INTO usuarios (cedula, nombre, apellidos, correo, contrasena, numero_telefono, id_direccion_principal) VALUES ('8400014304', 'Gabriela', 'Cuéllar', 'eustaquioolmo@example.org', 'password123', '+34921 649 978', 198);
INSERT INTO usuarios (cedula, nombre, apellidos, correo, contrasena, numero_telefono, id_direccion_principal) VALUES ('6578047439', 'Cornelio', 'Pina', 'pinaquique@example.net', 'password123', '+34900 805 797', 55);
INSERT INTO usuarios (cedula, nombre, apellidos, correo, contrasena, numero_telefono, id_direccion_principal) VALUES ('7690493387', 'Olalla', 'Rivas', 'gervasioparra@example.net', 'password123', '+34975169102', 90);
INSERT INTO usuarios (cedula, nombre, apellidos, correo, contrasena, numero_telefono, id_direccion_principal) VALUES ('1209759990', 'Bernabé', 'Gimenez', 'vfeliu@example.net', 'password123', '+34985 153 556', 84);
INSERT INTO usuarios (cedula, nombre, apellidos, correo, contrasena, numero_telefono, id_direccion_principal) VALUES ('4642892390', 'Ricardo', 'Tenorio', 'linoarribas@example.com', 'password123', '+34 984 716 440', 145);
INSERT INTO usuarios (cedula, nombre, apellidos, correo, contrasena, numero_telefono, id_direccion_principal) VALUES ('2752257273', 'Lourdes', 'Madrigal', 'valentinazahara@example.com', 'password123', '+34877 290 814', 145);
INSERT INTO usuarios (cedula, nombre, apellidos, correo, contrasena, numero_telefono, id_direccion_principal) VALUES ('3707552448', 'Buenaventura', 'Prada', 'scolom@example.org', 'password123', '+34822746310', 197);
INSERT INTO usuarios (cedula, nombre, apellidos, correo, contrasena, numero_telefono, id_direccion_principal) VALUES ('5831995798', 'Florencia', 'Olmo', 'lucianobarreda@example.net', 'password123', '+34 876 349 632', 164);
INSERT INTO usuarios (cedula, nombre, apellidos, correo, contrasena, numero_telefono, id_direccion_principal) VALUES ('1732981867', 'Rodolfo', 'Huertas', 'qabellan@example.net', 'password123', '+34942 11 73 53', 112);
INSERT INTO usuarios (cedula, nombre, apellidos, correo, contrasena, numero_telefono, id_direccion_principal) VALUES ('2710574734', 'Nieves', 'Ballesteros', 'ceferinocampos@example.org', 'password123', '+34878 20 55 02', 184);
INSERT INTO usuarios (cedula, nombre, apellidos, correo, contrasena, numero_telefono, id_direccion_principal) VALUES ('5529098198', 'Blas', 'Cervera', 'qalmazan@example.org', 'password123', '+34927491010', 119);
INSERT INTO usuarios (cedula, nombre, apellidos, correo, contrasena, numero_telefono, id_direccion_principal) VALUES ('7160369995', 'Victor Manuel', 'Acuña', 'marmolalvaro@example.com', 'password123', '+34 925 78 76 0', 103);
INSERT INTO usuarios (cedula, nombre, apellidos, correo, contrasena, numero_telefono, id_direccion_principal) VALUES ('6131287870', 'Juana', 'Perea', 'obaron@example.net', 'password123', '+34 988 606 022', 3);
INSERT INTO usuarios (cedula, nombre, apellidos, correo, contrasena, numero_telefono, id_direccion_principal) VALUES ('7524393628', 'Anabel', 'Salvador', 'castellanosolga@example.com', 'password123', '+34921 643 021', 140);
INSERT INTO usuarios (cedula, nombre, apellidos, correo, contrasena, numero_telefono, id_direccion_principal) VALUES ('4353531487', 'Anna', 'Giralt', 'borregoonofre@example.com', 'password123', '+34946 52 66 04', 70);
INSERT INTO usuarios (cedula, nombre, apellidos, correo, contrasena, numero_telefono, id_direccion_principal) VALUES ('3218848820', 'Renata', 'Castell', 'alexandra21@example.com', 'password123', '+34878 523 976', 200);
INSERT INTO usuarios (cedula, nombre, apellidos, correo, contrasena, numero_telefono, id_direccion_principal) VALUES ('5736821657', 'Milagros', 'Campoy', 'asuncion38@example.com', 'password123', '+34823 881 845', 95);
INSERT INTO usuarios (cedula, nombre, apellidos, correo, contrasena, numero_telefono, id_direccion_principal) VALUES ('7005250833', 'Elena', 'Alcaraz', 'loidaotero@example.net', 'password123', '+34825 03 94 15', 99);
INSERT INTO usuarios (cedula, nombre, apellidos, correo, contrasena, numero_telefono, id_direccion_principal) VALUES ('7405070604', 'Curro', 'Mariño', 'ribasteofilo@example.org', 'password123', '+34721374405', 126);
INSERT INTO usuarios (cedula, nombre, apellidos, correo, contrasena, numero_telefono, id_direccion_principal) VALUES ('1686204855', 'Fátima', 'Machado', 'adelia10@example.net', 'password123', '+34982774419', 4);
INSERT INTO usuarios (cedula, nombre, apellidos, correo, contrasena, numero_telefono, id_direccion_principal) VALUES ('9038014974', 'Leandro', 'Peláez', 'casemiro79@example.net', 'password123', '+34942 79 90 29', 70);
INSERT INTO usuarios (cedula, nombre, apellidos, correo, contrasena, numero_telefono, id_direccion_principal) VALUES ('6372927207', 'Noa', 'Valera', 'olalla40@example.com', 'password123', '+34844 278 209', 176);
INSERT INTO usuarios (cedula, nombre, apellidos, correo, contrasena, numero_telefono, id_direccion_principal) VALUES ('1136150323', 'Quirino', 'Santiago', 'marcohigueras@example.com', 'password123', '+34886 27 34 05', 103);
INSERT INTO usuarios (cedula, nombre, apellidos, correo, contrasena, numero_telefono, id_direccion_principal) VALUES ('2119125411', 'Consuela', 'Olivé', 'lina01@example.org', 'password123', '+34 849 50 52 5', 30);
INSERT INTO usuarios (cedula, nombre, apellidos, correo, contrasena, numero_telefono, id_direccion_principal) VALUES ('4473340042', 'Guadalupe', 'Nieto', 'sberenguer@example.com', 'password123', '+34986 893 562', 160);
INSERT INTO usuarios (cedula, nombre, apellidos, correo, contrasena, numero_telefono, id_direccion_principal) VALUES ('1858317857', 'Cloe', 'Oller', 'carlitopineiro@example.org', 'password123', '+34 982830688', 136);
INSERT INTO usuarios (cedula, nombre, apellidos, correo, contrasena, numero_telefono, id_direccion_principal) VALUES ('9065196481', 'Ernesto', 'Aranda', 'andres-felipesegovia@example.com', 'password123', '+34 978 90 09 3', 181);
INSERT INTO usuarios (cedula, nombre, apellidos, correo, contrasena, numero_telefono, id_direccion_principal) VALUES ('2386483145', 'Reyna', 'Cazorla', 'fortunata37@example.com', 'password123', '+34812 339 503', 157);
INSERT INTO usuarios (cedula, nombre, apellidos, correo, contrasena, numero_telefono, id_direccion_principal) VALUES ('3246607839', 'Vinicio', 'Murillo', 'flavia60@example.net', 'password123', '+34 975 17 63 9', 195);
INSERT INTO usuarios (cedula, nombre, apellidos, correo, contrasena, numero_telefono, id_direccion_principal) VALUES ('6990446093', 'Aitana', 'Elías', 'zesteve@example.net', 'password123', '+34849 54 81 27', 53);
INSERT INTO usuarios (cedula, nombre, apellidos, correo, contrasena, numero_telefono, id_direccion_principal) VALUES ('8333285661', 'Irma', 'Feijoo', 'leoncarmelita@example.org', 'password123', '+34 921335950', 197);
INSERT INTO usuarios (cedula, nombre, apellidos, correo, contrasena, numero_telefono, id_direccion_principal) VALUES ('3969428796', 'Marc', 'Alba', 'aaviles@example.org', 'password123', '+34888 774 949', 130);
INSERT INTO usuarios (cedula, nombre, apellidos, correo, contrasena, numero_telefono, id_direccion_principal) VALUES ('4186416560', 'Ileana', 'Pinedo', 'claudia21@example.net', 'password123', '+34 983 19 61 5', 194);
INSERT INTO usuarios (cedula, nombre, apellidos, correo, contrasena, numero_telefono, id_direccion_principal) VALUES ('8438363690', 'América', 'Lucena', 'lalemany@example.com', 'password123', '+34900608213', 186);
INSERT INTO usuarios (cedula, nombre, apellidos, correo, contrasena, numero_telefono, id_direccion_principal) VALUES ('9931960585', 'Miguel', 'Campillo', 'yrios@example.com', 'password123', '+34 987 73 04 1', 191);
INSERT INTO usuarios (cedula, nombre, apellidos, correo, contrasena, numero_telefono, id_direccion_principal) VALUES ('8832777302', 'Ascensión', 'Carranza', 'piaaguilera@example.net', 'password123', '+34 740 938 399', 134);
INSERT INTO usuarios (cedula, nombre, apellidos, correo, contrasena, numero_telefono, id_direccion_principal) VALUES ('8803456214', 'Roberto', 'Abella', 'lunaquesada@example.net', 'password123', '+34821 259 662', 103);
INSERT INTO usuarios (cedula, nombre, apellidos, correo, contrasena, numero_telefono, id_direccion_principal) VALUES ('5722512254', 'Dionisio', 'Reguera', 'wmontserrat@example.net', 'password123', '+34 806 063 999', 48);
INSERT INTO usuarios (cedula, nombre, apellidos, correo, contrasena, numero_telefono, id_direccion_principal) VALUES ('3658291405', 'Lara', 'Báez', 'acollado@example.net', 'password123', '+34888 51 27 05', 80);
INSERT INTO usuarios (cedula, nombre, apellidos, correo, contrasena, numero_telefono, id_direccion_principal) VALUES ('8775229631', 'Ale', 'Artigas', 'marianela40@example.org', 'password123', '+34 859 800 198', 5);
INSERT INTO usuarios (cedula, nombre, apellidos, correo, contrasena, numero_telefono, id_direccion_principal) VALUES ('9610195462', 'Ildefonso', 'Ríos', 'amor67@example.org', 'password123', '+34 941899310', 10);
INSERT INTO usuarios (cedula, nombre, apellidos, correo, contrasena, numero_telefono, id_direccion_principal) VALUES ('2827164563', 'Fidela', 'Gimeno', 'juliana03@example.com', 'password123', '+34975 87 21 18', 161);
INSERT INTO usuarios (cedula, nombre, apellidos, correo, contrasena, numero_telefono, id_direccion_principal) VALUES ('7316908646', 'Amancio', 'Torrens', 'amparo98@example.net', 'password123', '+34948 403 543', 160);
INSERT INTO usuarios (cedula, nombre, apellidos, correo, contrasena, numero_telefono, id_direccion_principal) VALUES ('6188947268', 'Galo', 'Gabaldón', 'carmelo07@example.com', 'password123', '+34 849 55 84 0', 137);
INSERT INTO usuarios (cedula, nombre, apellidos, correo, contrasena, numero_telefono, id_direccion_principal) VALUES ('1951458035', 'Charo', 'Gargallo', 'julianavarrete@example.org', 'password123', '+34 987 90 84 5', 60);
INSERT INTO usuarios (cedula, nombre, apellidos, correo, contrasena, numero_telefono, id_direccion_principal) VALUES ('6824212133', 'Aitana', 'Marqués', 'azucenapujol@example.org', 'password123', '+34 835 809 240', 6);
INSERT INTO usuarios (cedula, nombre, apellidos, correo, contrasena, numero_telefono, id_direccion_principal) VALUES ('9704658315', 'Fernando', 'Salvà', 'edelmira54@example.com', 'password123', '+34 927381482', 27);
INSERT INTO usuarios (cedula, nombre, apellidos, correo, contrasena, numero_telefono, id_direccion_principal) VALUES ('7758216095', 'María', 'Hidalgo', 'bernadamarilis@example.org', 'password123', '+34 885 698 883', 128);
INSERT INTO usuarios (cedula, nombre, apellidos, correo, contrasena, numero_telefono, id_direccion_principal) VALUES ('1004226318', 'Manu', 'Ibañez', 'aaroncervantes@example.com', 'password123', '+34871082962', 52);
INSERT INTO usuarios (cedula, nombre, apellidos, correo, contrasena, numero_telefono, id_direccion_principal) VALUES ('3435554231', 'Hipólito', 'Tirado', 'santamariacandido@example.net', 'password123', '+34 873 47 16 3', 199);
INSERT INTO usuarios (cedula, nombre, apellidos, correo, contrasena, numero_telefono, id_direccion_principal) VALUES ('9136144555', 'Tomás', 'Briones', 'timoteotome@example.net', 'password123', '+34977 993 437', 105);
INSERT INTO usuarios (cedula, nombre, apellidos, correo, contrasena, numero_telefono, id_direccion_principal) VALUES ('8473162365', 'Charo', 'Giralt', 'tsilva@example.com', 'password123', '+34887 47 87 85', 181);
INSERT INTO usuarios (cedula, nombre, apellidos, correo, contrasena, numero_telefono, id_direccion_principal) VALUES ('5419983420', 'África', 'Palau', 'hamoros@example.net', 'password123', '+34975 258 979', 194);
INSERT INTO usuarios (cedula, nombre, apellidos, correo, contrasena, numero_telefono, id_direccion_principal) VALUES ('3295757159', 'Liliana', 'Gallo', 'manuelita37@example.com', 'password123', '+34845 502 370', 152);
INSERT INTO usuarios (cedula, nombre, apellidos, correo, contrasena, numero_telefono, id_direccion_principal) VALUES ('4133112388', 'Martirio', 'Díez', 'cfeliu@example.com', 'password123', '+34972 58 26 39', 99);
INSERT INTO usuarios (cedula, nombre, apellidos, correo, contrasena, numero_telefono, id_direccion_principal) VALUES ('9598067289', 'Virgilio', 'Rosselló', 'luisaguitart@example.net', 'password123', '+34 947 663 444', 38);
INSERT INTO usuarios (cedula, nombre, apellidos, correo, contrasena, numero_telefono, id_direccion_principal) VALUES ('5207162942', 'Bibiana', 'Izquierdo', 'saritajuan@example.net', 'password123', '+34 821745000', 53);
INSERT INTO usuarios (cedula, nombre, apellidos, correo, contrasena, numero_telefono, id_direccion_principal) VALUES ('6797593642', 'Estela', 'Sevillano', 'sosamarcos@example.org', 'password123', '+34924 611 763', 138);
INSERT INTO usuarios (cedula, nombre, apellidos, correo, contrasena, numero_telefono, id_direccion_principal) VALUES ('2550371922', 'Jacobo', 'Fortuny', 'mohamedmulet@example.org', 'password123', '+34822750402', 147);

-- Empresarios
INSERT INTO empresarios (usuario_cedula, cargo_empresa, correo_empresarial) VALUES ('3246607839', 'Gerente', 'espadarenata@distribuciones.com');
INSERT INTO empresarios (usuario_cedula, cargo_empresa, correo_empresarial) VALUES ('5419983420', 'Gerente', 'qvilalta@cabanas.net');
INSERT INTO empresarios (usuario_cedula, cargo_empresa, correo_empresarial) VALUES ('8438363690', 'Gerente', 'colladoluciano@supermercados.com');
INSERT INTO empresarios (usuario_cedula, cargo_empresa, correo_empresarial) VALUES ('9136144555', 'Gerente', 'dnavas@logistica.com');
INSERT INTO empresarios (usuario_cedula, cargo_empresa, correo_empresarial) VALUES ('4473340042', 'Gerente', 'arroyolucio@consultoria.net');
INSERT INTO empresarios (usuario_cedula, cargo_empresa, correo_empresarial) VALUES ('8280062031', 'Gerente', 'garrigaingrid@industrias.es');
INSERT INTO empresarios (usuario_cedula, cargo_empresa, correo_empresarial) VALUES ('6662636123', 'Gerente', 'gtrillo@juan.org');
INSERT INTO empresarios (usuario_cedula, cargo_empresa, correo_empresarial) VALUES ('9704658315', 'Gerente', 'canterobartolome@finanzas.com');
INSERT INTO empresarios (usuario_cedula, cargo_empresa, correo_empresarial) VALUES ('3226965754', 'Gerente', 'norberto44@martina.net');
INSERT INTO empresarios (usuario_cedula, cargo_empresa, correo_empresarial) VALUES ('7099284731', 'Gerente', 'encarnacion33@montes.com');
INSERT INTO empresarios (usuario_cedula, cargo_empresa, correo_empresarial) VALUES ('2752257273', 'Gerente', 'iabellan@transportes.es');
INSERT INTO empresarios (usuario_cedula, cargo_empresa, correo_empresarial) VALUES ('8064825494', 'Gerente', 'marcosarnau@inversiones.es');
INSERT INTO empresarios (usuario_cedula, cargo_empresa, correo_empresarial) VALUES ('5606107092', 'Gerente', 'sabas02@transportes.org');
INSERT INTO empresarios (usuario_cedula, cargo_empresa, correo_empresarial) VALUES ('1733945125', 'Gerente', 'azeneth31@grupo.es');
INSERT INTO empresarios (usuario_cedula, cargo_empresa, correo_empresarial) VALUES ('1889838016', 'Gerente', 'benitapalmer@banco.com');
INSERT INTO empresarios (usuario_cedula, cargo_empresa, correo_empresarial) VALUES ('8406202347', 'Gerente', 'oescamilla@casals.com');
INSERT INTO empresarios (usuario_cedula, cargo_empresa, correo_empresarial) VALUES ('5455547191', 'Gerente', 'bcastaneda@concha.com');
INSERT INTO empresarios (usuario_cedula, cargo_empresa, correo_empresarial) VALUES ('7160369995', 'Gerente', 'angelica86@prat.com');
INSERT INTO empresarios (usuario_cedula, cargo_empresa, correo_empresarial) VALUES ('7316908646', 'Gerente', 'guillermocuesta@cepeda.com');
INSERT INTO empresarios (usuario_cedula, cargo_empresa, correo_empresarial) VALUES ('7262170475', 'Gerente', 'cobosjose-antonio@maricela.es');
-- Transportistas
INSERT INTO transportistas (usuario_cedula, numero_licencia, tipo_licencia, zona_cobertura, disponibilidad) VALUES ('3435554231', 'LIC-26923', 'Tipo E', 'General', 'Disponible');
INSERT INTO transportistas (usuario_cedula, numero_licencia, tipo_licencia, zona_cobertura, disponibilidad) VALUES ('3497015275', 'LIC-81899', 'Tipo E', 'General', 'Disponible');
INSERT INTO transportistas (usuario_cedula, numero_licencia, tipo_licencia, zona_cobertura, disponibilidad) VALUES ('6302428944', 'LIC-83536', 'Tipo E', 'General', 'Disponible');
INSERT INTO transportistas (usuario_cedula, numero_licencia, tipo_licencia, zona_cobertura, disponibilidad) VALUES ('2710574734', 'LIC-95493', 'Tipo E', 'General', 'Disponible');
INSERT INTO transportistas (usuario_cedula, numero_licencia, tipo_licencia, zona_cobertura, disponibilidad) VALUES ('8333285661', 'LIC-92974', 'Tipo E', 'General', 'Disponible');
INSERT INTO transportistas (usuario_cedula, numero_licencia, tipo_licencia, zona_cobertura, disponibilidad) VALUES ('8803456214', 'LIC-95036', 'Tipo E', 'General', 'Disponible');
INSERT INTO transportistas (usuario_cedula, numero_licencia, tipo_licencia, zona_cobertura, disponibilidad) VALUES ('8967830274', 'LIC-26375', 'Tipo E', 'General', 'Disponible');
INSERT INTO transportistas (usuario_cedula, numero_licencia, tipo_licencia, zona_cobertura, disponibilidad) VALUES ('5722512254', 'LIC-37130', 'Tipo E', 'General', 'Disponible');
INSERT INTO transportistas (usuario_cedula, numero_licencia, tipo_licencia, zona_cobertura, disponibilidad) VALUES ('2386483145', 'LIC-06030', 'Tipo E', 'General', 'Disponible');
INSERT INTO transportistas (usuario_cedula, numero_licencia, tipo_licencia, zona_cobertura, disponibilidad) VALUES ('6372927207', 'LIC-51840', 'Tipo E', 'General', 'Disponible');
INSERT INTO transportistas (usuario_cedula, numero_licencia, tipo_licencia, zona_cobertura, disponibilidad) VALUES ('4642892390', 'LIC-11692', 'Tipo E', 'General', 'Disponible');
INSERT INTO transportistas (usuario_cedula, numero_licencia, tipo_licencia, zona_cobertura, disponibilidad) VALUES ('9128463862', 'LIC-33802', 'Tipo E', 'General', 'Disponible');
INSERT INTO transportistas (usuario_cedula, numero_licencia, tipo_licencia, zona_cobertura, disponibilidad) VALUES ('9036781829', 'LIC-30034', 'Tipo E', 'General', 'Disponible');
INSERT INTO transportistas (usuario_cedula, numero_licencia, tipo_licencia, zona_cobertura, disponibilidad) VALUES ('1686204855', 'LIC-93375', 'Tipo E', 'General', 'Disponible');
INSERT INTO transportistas (usuario_cedula, numero_licencia, tipo_licencia, zona_cobertura, disponibilidad) VALUES ('6450020987', 'LIC-93453', 'Tipo E', 'General', 'Disponible');
INSERT INTO transportistas (usuario_cedula, numero_licencia, tipo_licencia, zona_cobertura, disponibilidad) VALUES ('3295757159', 'LIC-95235', 'Tipo E', 'General', 'Disponible');
INSERT INTO transportistas (usuario_cedula, numero_licencia, tipo_licencia, zona_cobertura, disponibilidad) VALUES ('7405070604', 'LIC-06763', 'Tipo E', 'General', 'Disponible');
INSERT INTO transportistas (usuario_cedula, numero_licencia, tipo_licencia, zona_cobertura, disponibilidad) VALUES ('1004226318', 'LIC-06929', 'Tipo E', 'General', 'Disponible');
INSERT INTO transportistas (usuario_cedula, numero_licencia, tipo_licencia, zona_cobertura, disponibilidad) VALUES ('6797593642', 'LIC-85768', 'Tipo E', 'General', 'Disponible');
INSERT INTO transportistas (usuario_cedula, numero_licencia, tipo_licencia, zona_cobertura, disponibilidad) VALUES ('2825981010', 'LIC-59495', 'Tipo E', 'General', 'Disponible');

-- Companias
INSERT INTO companias (RUC, empresario_cedula, nombre_compania, tipo_compania, descripcion) VALUES ('3510358182016', '3226965754', 'Restauración Mendoza S.L.L.', 'Privada', 'Upgradable demand-driven instruction set');
INSERT INTO companias (RUC, empresario_cedula, nombre_compania, tipo_compania, descripcion) VALUES ('9773618255640', '5606107092', 'Paz y asociados S.A.T.', 'Privada', 'Up-sized even-keeled framework');
INSERT INTO companias (RUC, empresario_cedula, nombre_compania, tipo_compania, descripcion) VALUES ('5633237932626', '4473340042', 'Pi & Asociados S.A.', 'Privada', 'Programmable executive flexibility');
INSERT INTO companias (RUC, empresario_cedula, nombre_compania, tipo_compania, descripcion) VALUES ('9519440034536', '8438363690', 'Promociones Verdú S.A.', 'Privada', 'Quality-focused asymmetric focus group');
INSERT INTO companias (RUC, empresario_cedula, nombre_compania, tipo_compania, descripcion) VALUES ('2569244893690', '9136144555', 'Manufacturas Revilla & Asociados S.L.U.', 'Privada', 'Enterprise-wide context-sensitive emulation');
INSERT INTO companias (RUC, empresario_cedula, nombre_compania, tipo_compania, descripcion) VALUES ('6881022005868', '8438363690', 'Tecnologías Española S.L.N.E', 'Privada', 'Cross-platform asymmetric synergy');
INSERT INTO companias (RUC, empresario_cedula, nombre_compania, tipo_compania, descripcion) VALUES ('2689956140635', '9136144555', 'Jose Ignacio Marco Arévalo S.Com.', 'Privada', 'Multi-tiered didactic productivity');
INSERT INTO companias (RUC, empresario_cedula, nombre_compania, tipo_compania, descripcion) VALUES ('1511569910632', '1733945125', 'Transportes Cámara y asociados S.L.', 'Privada', 'Inverse tangible synergy');
INSERT INTO companias (RUC, empresario_cedula, nombre_compania, tipo_compania, descripcion) VALUES ('5106382035666', '4473340042', 'Primitiva Seguí Chaparro S.L.', 'Privada', 'Distributed empowering array');
INSERT INTO companias (RUC, empresario_cedula, nombre_compania, tipo_compania, descripcion) VALUES ('9193488140442', '7262170475', 'Desarrollo Globales S.L.', 'Privada', 'Customizable 3rdgeneration hardware');
INSERT INTO companias (RUC, empresario_cedula, nombre_compania, tipo_compania, descripcion) VALUES ('9190642599620', '1889838016', 'Grupo Fuster S.L.N.E', 'Privada', 'User-centric eco-centric methodology');
INSERT INTO companias (RUC, empresario_cedula, nombre_compania, tipo_compania, descripcion) VALUES ('6211124647743', '1889838016', 'Reig & Asociados S.L.L.', 'Privada', 'Up-sized multi-state functionalities');
INSERT INTO companias (RUC, empresario_cedula, nombre_compania, tipo_compania, descripcion) VALUES ('5795901927037', '3246607839', 'Desarrollo del Sur S.C.P', 'Privada', 'Distributed maximized encryption');
INSERT INTO companias (RUC, empresario_cedula, nombre_compania, tipo_compania, descripcion) VALUES ('8097149087388', '7316908646', 'Industrias FELW S.Com.', 'Privada', 'Sharable optimal standardization');
INSERT INTO companias (RUC, empresario_cedula, nombre_compania, tipo_compania, descripcion) VALUES ('5945608359270', '1733945125', 'Banco Mayo & Asociados S.L.', 'Privada', 'Quality-focused local methodology');
-- Sucursales
INSERT INTO sucursales (id_direccion, compania_RUC, activa) VALUES (140, '3510358182016', 1);
INSERT INTO sucursales (id_direccion, compania_RUC, activa) VALUES (124, '9773618255640', 1);
INSERT INTO sucursales (id_direccion, compania_RUC, activa) VALUES (95, '5633237932626', 1);
INSERT INTO sucursales (id_direccion, compania_RUC, activa) VALUES (48, '9519440034536', 1);
INSERT INTO sucursales (id_direccion, compania_RUC, activa) VALUES (52, '2569244893690', 1);
INSERT INTO sucursales (id_direccion, compania_RUC, activa) VALUES (19, '6881022005868', 1);
INSERT INTO sucursales (id_direccion, compania_RUC, activa) VALUES (129, '2689956140635', 1);
INSERT INTO sucursales (id_direccion, compania_RUC, activa) VALUES (183, '1511569910632', 1);
INSERT INTO sucursales (id_direccion, compania_RUC, activa) VALUES (157, '5106382035666', 1);
INSERT INTO sucursales (id_direccion, compania_RUC, activa) VALUES (174, '9193488140442', 1);
INSERT INTO sucursales (id_direccion, compania_RUC, activa) VALUES (34, '9190642599620', 1);
INSERT INTO sucursales (id_direccion, compania_RUC, activa) VALUES (45, '6211124647743', 1);
INSERT INTO sucursales (id_direccion, compania_RUC, activa) VALUES (144, '5795901927037', 1);
INSERT INTO sucursales (id_direccion, compania_RUC, activa) VALUES (44, '8097149087388', 1);

-- Modelos y Vehiculos
INSERT IGNORE INTO modelos (nombre_modelo, maximo_peso) VALUES ('Van Cargo', 4110.699558347859);
INSERT IGNORE INTO modelos (nombre_modelo, maximo_peso) VALUES ('Camión 3T', 2751.6016866841937);
INSERT IGNORE INTO modelos (nombre_modelo, maximo_peso) VALUES ('Moto Delivery', 2601.3572076095365);
INSERT IGNORE INTO modelos (nombre_modelo, maximo_peso) VALUES ('Camioneta 4x4', 2168.1559097206123);
INSERT INTO vehiculos (transportista_cedula, nombre_modelo, color, placa) VALUES ('3435554231', 'Camioneta 4x4', 'Verde claro', 'HQ-1306');
INSERT INTO vehiculos (transportista_cedula, nombre_modelo, color, placa) VALUES ('3497015275', 'Moto Delivery', 'Verde mar', 'CY-7871');
INSERT INTO vehiculos (transportista_cedula, nombre_modelo, color, placa) VALUES ('6302428944', 'Van Cargo', 'Amarillo dorado claro', 'SA-9689');
INSERT INTO vehiculos (transportista_cedula, nombre_modelo, color, placa) VALUES ('2710574734', 'Moto Delivery', 'Blanco floral', 'SK-6107');
INSERT INTO vehiculos (transportista_cedula, nombre_modelo, color, placa) VALUES ('8333285661', 'Van Cargo', 'Azul pizarra medio', 'YF-7122');
INSERT INTO vehiculos (transportista_cedula, nombre_modelo, color, placa) VALUES ('8803456214', 'Moto Delivery', 'Salmón', 'ZC-5325');
INSERT INTO vehiculos (transportista_cedula, nombre_modelo, color, placa) VALUES ('8967830274', 'Camioneta 4x4', 'Granate', 'BQ-1683');
INSERT INTO vehiculos (transportista_cedula, nombre_modelo, color, placa) VALUES ('5722512254', 'Moto Delivery', 'Verde limón', 'KI-6021');
INSERT INTO vehiculos (transportista_cedula, nombre_modelo, color, placa) VALUES ('2386483145', 'Camioneta 4x4', 'Azul medianoche', 'NZ-9427');
INSERT INTO vehiculos (transportista_cedula, nombre_modelo, color, placa) VALUES ('6372927207', 'Moto Delivery', 'Amarillo trigo', 'NY-0652');
INSERT INTO vehiculos (transportista_cedula, nombre_modelo, color, placa) VALUES ('4642892390', 'Camioneta 4x4', 'Amarillo trigo', 'ZQ-0178');
INSERT INTO vehiculos (transportista_cedula, nombre_modelo, color, placa) VALUES ('9128463862', 'Moto Delivery', 'Orquídea púrpura oscuro', 'ES-4377');
INSERT INTO vehiculos (transportista_cedula, nombre_modelo, color, placa) VALUES ('9036781829', 'Van Cargo', 'Rojo tomate', 'GK-0449');
INSERT INTO vehiculos (transportista_cedula, nombre_modelo, color, placa) VALUES ('1686204855', 'Camioneta 4x4', 'Beige melocotón', 'PG-7690');
INSERT INTO vehiculos (transportista_cedula, nombre_modelo, color, placa) VALUES ('6450020987', 'Camión 3T', 'Blanco', 'HG-6188');
INSERT INTO vehiculos (transportista_cedula, nombre_modelo, color, placa) VALUES ('3295757159', 'Camión 3T', 'Melón dulce', 'OT-4407');
INSERT INTO vehiculos (transportista_cedula, nombre_modelo, color, placa) VALUES ('7405070604', 'Moto Delivery', 'Orquídea medio', 'SS-0127');
INSERT INTO vehiculos (transportista_cedula, nombre_modelo, color, placa) VALUES ('1004226318', 'Camión 3T', 'Púrpura', 'DH-0129');
INSERT INTO vehiculos (transportista_cedula, nombre_modelo, color, placa) VALUES ('6797593642', 'Moto Delivery', 'Naranja', 'AZ-4473');
INSERT INTO vehiculos (transportista_cedula, nombre_modelo, color, placa) VALUES ('2825981010', 'Moto Delivery', 'Violeta oscuro', 'LN-4357');
-- Paquetes
INSERT IGNORE INTO caracteristicas_paquete (tipo_paquete) VALUES ('Caja Pequeña');
INSERT IGNORE INTO caracteristicas_paquete (tipo_paquete) VALUES ('Caja Grande');
INSERT IGNORE INTO caracteristicas_paquete (tipo_paquete) VALUES ('Sobre');
INSERT IGNORE INTO caracteristicas_paquete (tipo_paquete) VALUES ('Pallet');
INSERT INTO paquetes (descripcion, peso, tipo) VALUES ('Plan menor todavía militar.', 25.0, 'Pallet');
INSERT INTO paquetes (descripcion, peso, tipo) VALUES ('Corazón rodríguez evitar secretario tenemos o muestra.', 40.46, 'Caja Pequeña');
INSERT INTO paquetes (descripcion, peso, tipo) VALUES ('Escuela propia anterior importancia.', 43.19, 'Caja Grande');
INSERT INTO paquetes (descripcion, peso, tipo) VALUES ('Especie técnica norte vio sí acciones algunos.', 39.45, 'Caja Pequeña');
INSERT INTO paquetes (descripcion, peso, tipo) VALUES ('Tipo derecho suerte verdad pablo.', 0.94, 'Caja Grande');
INSERT INTO paquetes (descripcion, peso, tipo) VALUES ('Tampoco calidad tipo participación unas.', 23.47, 'Caja Pequeña');
INSERT INTO paquetes (descripcion, peso, tipo) VALUES ('Marco uso generales fuego quién políticas.', 47.32, 'Caja Pequeña');
INSERT INTO paquetes (descripcion, peso, tipo) VALUES ('Pablo vuelve peor tienen existen solo quizá.', 14.66, 'Caja Grande');
INSERT INTO paquetes (descripcion, peso, tipo) VALUES ('Poco objeto suerte voy arte.', 6.95, 'Caja Pequeña');
INSERT INTO paquetes (descripcion, peso, tipo) VALUES ('Sala período grado victoria horas.', 6.17, 'Caja Grande');
INSERT INTO paquetes (descripcion, peso, tipo) VALUES ('Alto ninguna haber junio servicio importancia.', 19.81, 'Caja Pequeña');
INSERT INTO paquetes (descripcion, peso, tipo) VALUES ('Cuadro pese texto lo esos parece finalmente.', 18.62, 'Caja Pequeña');
INSERT INTO paquetes (descripcion, peso, tipo) VALUES ('Única contenido acerca llegar conseguir centro cosa.', 13.55, 'Caja Grande');
INSERT INTO paquetes (descripcion, peso, tipo) VALUES ('Tema serán b.', 27.26, 'Pallet');
INSERT INTO paquetes (descripcion, peso, tipo) VALUES ('Dos desarrollo antonio es dónde.', 6.55, 'Sobre');
INSERT INTO paquetes (descripcion, peso, tipo) VALUES ('Todas palabra nuestra empresas acuerdo mayo.', 35.54, 'Caja Pequeña');
INSERT INTO paquetes (descripcion, peso, tipo) VALUES ('Oposición ejército visto peor.', 31.93, 'Sobre');
INSERT INTO paquetes (descripcion, peso, tipo) VALUES ('Pudo aun corazón evitar.', 34.45, 'Pallet');
INSERT INTO paquetes (descripcion, peso, tipo) VALUES ('Lucha rey incluso era carrera la.', 1.3, 'Caja Grande');
INSERT INTO paquetes (descripcion, peso, tipo) VALUES ('Construcción según p.', 47.82, 'Sobre');
INSERT INTO paquetes (descripcion, peso, tipo) VALUES ('Tres derecho m mes hombre entre dan.', 44.63, 'Caja Pequeña');
INSERT INTO paquetes (descripcion, peso, tipo) VALUES ('Mes diciembre pasado.', 42.59, 'Sobre');
INSERT INTO paquetes (descripcion, peso, tipo) VALUES ('Año realizar sean pese para san tarde.', 26.79, 'Caja Grande');
INSERT INTO paquetes (descripcion, peso, tipo) VALUES ('Esos noche encontrar hasta hubiera encontrar palabras población.', 14.37, 'Pallet');
INSERT INTO paquetes (descripcion, peso, tipo) VALUES ('Conjunto energía países gonzález.', 42.39, 'Sobre');
INSERT INTO paquetes (descripcion, peso, tipo) VALUES ('Como siempre prueba sería allí.', 42.91, 'Caja Grande');
INSERT INTO paquetes (descripcion, peso, tipo) VALUES ('Mil palabra profesional futuro llegó todo productos.', 35.63, 'Caja Pequeña');
INSERT INTO paquetes (descripcion, peso, tipo) VALUES ('Imposible sueño económico causa guerra desde animales.', 2.83, 'Caja Grande');
INSERT INTO paquetes (descripcion, peso, tipo) VALUES ('Crecimiento ciencia fuerza ayer cambio flores rodríguez frente.', 7.36, 'Caja Pequeña');
INSERT INTO paquetes (descripcion, peso, tipo) VALUES ('Luego durante historia derecha.', 22.97, 'Caja Pequeña');
INSERT INTO paquetes (descripcion, peso, tipo) VALUES ('Madrid diversos oposición y rey cinco luego.', 29.37, 'Sobre');
INSERT INTO paquetes (descripcion, peso, tipo) VALUES ('Realidad pero autoridades francisco amigos seguir garcía.', 28.3, 'Caja Pequeña');
INSERT INTO paquetes (descripcion, peso, tipo) VALUES ('Dado hablar fuerte cuales muerte hacen llegar.', 30.39, 'Pallet');
INSERT INTO paquetes (descripcion, peso, tipo) VALUES ('Todas gracias tanto hora.', 8.53, 'Sobre');
INSERT INTO paquetes (descripcion, peso, tipo) VALUES ('Horas plan media diferencia semana soy san.', 47.11, 'Caja Pequeña');
INSERT INTO paquetes (descripcion, peso, tipo) VALUES ('Embargo hace central piel miguel porque.', 32.98, 'Sobre');
INSERT INTO paquetes (descripcion, peso, tipo) VALUES ('Amor consejo decía principal.', 16.5, 'Caja Pequeña');
INSERT INTO paquetes (descripcion, peso, tipo) VALUES ('Pesetas entrar obstante esta que fácil tales.', 48.49, 'Pallet');
INSERT INTO paquetes (descripcion, peso, tipo) VALUES ('Términos perdido ambos partes mismo visto grande.', 42.88, 'Sobre');
INSERT INTO paquetes (descripcion, peso, tipo) VALUES ('Políticas ocho cámara fue hija.', 49.6, 'Caja Grande');
INSERT INTO paquetes (descripcion, peso, tipo) VALUES ('Modo ella superior larga.', 31.26, 'Caja Grande');
INSERT INTO paquetes (descripcion, peso, tipo) VALUES ('Como hacer aquel puerto.', 3.29, 'Sobre');
INSERT INTO paquetes (descripcion, peso, tipo) VALUES ('Pregunta volvió mujer modo verdad última elecciones.', 38.3, 'Caja Grande');
INSERT INTO paquetes (descripcion, peso, tipo) VALUES ('Nada dado contrario.', 19.76, 'Pallet');
INSERT INTO paquetes (descripcion, peso, tipo) VALUES ('Edad recuerdo haya enero queda partir.', 44.47, 'Caja Grande');
INSERT INTO paquetes (descripcion, peso, tipo) VALUES ('Uno niño ambiente conciencia hermano función has.', 41.19, 'Caja Pequeña');
INSERT INTO paquetes (descripcion, peso, tipo) VALUES ('Nadie casos queda derechos.', 13.61, 'Sobre');
INSERT INTO paquetes (descripcion, peso, tipo) VALUES ('Lejos apenas llegó color estilo control.', 20.56, 'Caja Grande');
INSERT INTO paquetes (descripcion, peso, tipo) VALUES ('Manuel pueblo alguna calle silencio.', 7.99, 'Caja Grande');
INSERT INTO paquetes (descripcion, peso, tipo) VALUES ('Antonio ex eso nuestra lugar cuya.', 15.48, 'Pallet');
INSERT INTO paquetes (descripcion, peso, tipo) VALUES ('Carácter maría voy larga.', 36.29, 'Caja Pequeña');
INSERT INTO paquetes (descripcion, peso, tipo) VALUES ('Bien esos universidad fuentes fecha.', 11.87, 'Pallet');
INSERT INTO paquetes (descripcion, peso, tipo) VALUES ('Capacidad qué entrada militares cinco todo.', 21.51, 'Pallet');
INSERT INTO paquetes (descripcion, peso, tipo) VALUES ('Cierta tan siglo conjunto mucho dicho.', 17.38, 'Caja Grande');
INSERT INTO paquetes (descripcion, peso, tipo) VALUES ('Dan arte estructura cuenta junio actividades.', 38.31, 'Caja Grande');
INSERT INTO paquetes (descripcion, peso, tipo) VALUES ('Existencia recursos memoria.', 22.89, 'Caja Grande');
INSERT INTO paquetes (descripcion, peso, tipo) VALUES ('Sala primeros explicó lado importancia cierta pueden estar.', 35.83, 'Pallet');
INSERT INTO paquetes (descripcion, peso, tipo) VALUES ('Solución ello luis teoría.', 17.1, 'Sobre');
INSERT INTO paquetes (descripcion, peso, tipo) VALUES ('Democracia fue secretario cuando.', 2.94, 'Sobre');
INSERT INTO paquetes (descripcion, peso, tipo) VALUES ('Tener sur parece primeros tratamiento.', 7.49, 'Caja Pequeña');
INSERT INTO paquetes (descripcion, peso, tipo) VALUES ('Lejos norte él cuando aunque.', 1.5, 'Caja Pequeña');
INSERT INTO paquetes (descripcion, peso, tipo) VALUES ('Objetivo diferentes central arte estaban.', 29.32, 'Pallet');
INSERT INTO paquetes (descripcion, peso, tipo) VALUES ('Cultura millones hechos alguien vivir poder.', 13.66, 'Pallet');
INSERT INTO paquetes (descripcion, peso, tipo) VALUES ('Primera jorge marco era diferencia ellos argentina.', 41.87, 'Caja Pequeña');
INSERT INTO paquetes (descripcion, peso, tipo) VALUES ('Sabía marzo peso paz.', 37.47, 'Caja Grande');
INSERT INTO paquetes (descripcion, peso, tipo) VALUES ('Industria grande otras posible segunda.', 47.92, 'Caja Grande');
INSERT INTO paquetes (descripcion, peso, tipo) VALUES ('Encuentran cuerpo hubiera mujeres nueva trata dios.', 46.74, 'Sobre');
INSERT INTO paquetes (descripcion, peso, tipo) VALUES ('Fuera miedo niño has seguridad región.', 41.64, 'Pallet');
INSERT INTO paquetes (descripcion, peso, tipo) VALUES ('Unión datos salir vio.', 1.67, 'Caja Pequeña');
INSERT INTO paquetes (descripcion, peso, tipo) VALUES ('Única director expresión lo tú manos misma acuerdo.', 10.57, 'Caja Grande');
INSERT INTO paquetes (descripcion, peso, tipo) VALUES ('Derecho formación santiago premio.', 28.19, 'Caja Pequeña');
INSERT INTO paquetes (descripcion, peso, tipo) VALUES ('Consecuencia hablar llamado aquí.', 5.43, 'Pallet');
INSERT INTO paquetes (descripcion, peso, tipo) VALUES ('Conjunto hijo cine social cama.', 3.36, 'Sobre');
INSERT INTO paquetes (descripcion, peso, tipo) VALUES ('Buenos aunque los mismo económico popular.', 3.16, 'Caja Grande');
INSERT INTO paquetes (descripcion, peso, tipo) VALUES ('Diferentes dejar haya hacía algunas varias.', 47.89, 'Sobre');
INSERT INTO paquetes (descripcion, peso, tipo) VALUES ('Palabras voluntad mis centro.', 3.43, 'Caja Grande');
INSERT INTO paquetes (descripcion, peso, tipo) VALUES ('Siguientes sido están empresa.', 48.85, 'Sobre');
INSERT INTO paquetes (descripcion, peso, tipo) VALUES ('Abril hacer líder toda propia.', 0.65, 'Sobre');
INSERT INTO paquetes (descripcion, peso, tipo) VALUES ('Meses fiscal vuelve memoria esfuerzo duda.', 13.74, 'Pallet');
INSERT INTO paquetes (descripcion, peso, tipo) VALUES ('Voy director cara fuerzas usted centro defensa.', 44.93, 'Pallet');
INSERT INTO paquetes (descripcion, peso, tipo) VALUES ('Asimismo pesetas doctor local.', 11.03, 'Caja Grande');
INSERT INTO paquetes (descripcion, peso, tipo) VALUES ('He sabe presenta humana mayores intereses nuevas.', 0.94, 'Sobre');
INSERT INTO paquetes (descripcion, peso, tipo) VALUES ('Hermano quedó momentos.', 25.23, 'Pallet');
INSERT INTO paquetes (descripcion, peso, tipo) VALUES ('Teoría importancia demasiado todo consejo cámara.', 26.41, 'Sobre');
INSERT INTO paquetes (descripcion, peso, tipo) VALUES ('Datos flores finalmente.', 37.58, 'Sobre');
INSERT INTO paquetes (descripcion, peso, tipo) VALUES ('Teatro varios práctica campo costa.', 24.09, 'Sobre');
INSERT INTO paquetes (descripcion, peso, tipo) VALUES ('Pablo cierta película hubo noche ocasiones sido.', 34.47, 'Caja Grande');
INSERT INTO paquetes (descripcion, peso, tipo) VALUES ('Temas fondo m unos.', 20.06, 'Pallet');
INSERT INTO paquetes (descripcion, peso, tipo) VALUES ('Quedó semana social seguir uso instituto san.', 36.57, 'Sobre');
INSERT INTO paquetes (descripcion, peso, tipo) VALUES ('Donde formación muestra general consumo peso real.', 14.43, 'Sobre');
INSERT INTO paquetes (descripcion, peso, tipo) VALUES ('Cierto josé voz calle parece.', 45.0, 'Caja Pequeña');
INSERT INTO paquetes (descripcion, peso, tipo) VALUES ('Ciencia da ex busca.', 8.58, 'Caja Pequeña');
INSERT INTO paquetes (descripcion, peso, tipo) VALUES ('Precisamente ejemplo forma debe.', 47.33, 'Sobre');
INSERT INTO paquetes (descripcion, peso, tipo) VALUES ('Dio primero exterior jorge debe primer mañana.', 6.87, 'Pallet');
INSERT INTO paquetes (descripcion, peso, tipo) VALUES ('Cama señaló metros parte violencia.', 47.21, 'Caja Grande');
INSERT INTO paquetes (descripcion, peso, tipo) VALUES ('Relación plaza señaló conocer.', 15.63, 'Pallet');
INSERT INTO paquetes (descripcion, peso, tipo) VALUES ('Todas salud mediante escuela verdad.', 25.79, 'Sobre');
INSERT INTO paquetes (descripcion, peso, tipo) VALUES ('Recursos forma acción hombres suficiente.', 31.46, 'Caja Grande');
INSERT INTO paquetes (descripcion, peso, tipo) VALUES ('Comenzó ciencia muerto doctor nuestros fuerzas.', 38.97, 'Caja Pequeña');
INSERT INTO paquetes (descripcion, peso, tipo) VALUES ('Mis respecto viaje unas.', 21.91, 'Pallet');
INSERT INTO paquetes (descripcion, peso, tipo) VALUES ('Político cuanto luz doctor.', 1.96, 'Caja Pequeña');
INSERT INTO paquetes (descripcion, peso, tipo) VALUES ('Consecuencia principal etapa amor victoria nosotros.', 21.43, 'Caja Pequeña');
INSERT INTO paquetes (descripcion, peso, tipo) VALUES ('Comunicación serie nivel caso.', 20.25, 'Caja Pequeña');
INSERT INTO paquetes (descripcion, peso, tipo) VALUES ('Imagen cuestión caso fuera puedo siguiente piel.', 26.67, 'Caja Pequeña');
INSERT INTO paquetes (descripcion, peso, tipo) VALUES ('Uno elecciones manera época.', 2.26, 'Caja Pequeña');
INSERT INTO paquetes (descripcion, peso, tipo) VALUES ('Teoría tres pasa tienen decía quiero.', 9.83, 'Caja Grande');
INSERT INTO paquetes (descripcion, peso, tipo) VALUES ('José historia música necesidad dirección esfuerzo quizá.', 34.91, 'Caja Grande');
INSERT INTO paquetes (descripcion, peso, tipo) VALUES ('Explicó necesidad como.', 38.03, 'Pallet');
INSERT INTO paquetes (descripcion, peso, tipo) VALUES ('Sistemas chile debido ve.', 34.03, 'Caja Grande');
INSERT INTO paquetes (descripcion, peso, tipo) VALUES ('Derecho ahí gran memoria.', 42.97, 'Pallet');
INSERT INTO paquetes (descripcion, peso, tipo) VALUES ('Libertad dado respecto ve proceso mujeres dentro mi.', 30.21, 'Sobre');
INSERT INTO paquetes (descripcion, peso, tipo) VALUES ('Con instituto buscar ahí lado.', 48.6, 'Sobre');
INSERT INTO paquetes (descripcion, peso, tipo) VALUES ('Pasado posibilidades visita sabe ir quien libertad.', 44.69, 'Caja Grande');
INSERT INTO paquetes (descripcion, peso, tipo) VALUES ('Respecto suelo asociación que cuya.', 48.0, 'Caja Pequeña');
INSERT INTO paquetes (descripcion, peso, tipo) VALUES ('Cosas vio fuerza situación sigue creación queda existencia.', 20.77, 'Pallet');
INSERT INTO paquetes (descripcion, peso, tipo) VALUES ('Mayo fiscal sido visto pues recuerdo.', 14.71, 'Sobre');
INSERT INTO paquetes (descripcion, peso, tipo) VALUES ('Dio esas pequeña pequeña siglo voluntad asimismo.', 35.93, 'Caja Grande');
INSERT INTO paquetes (descripcion, peso, tipo) VALUES ('Respecto sus domingo hemos meses.', 11.32, 'Caja Pequeña');
INSERT INTO paquetes (descripcion, peso, tipo) VALUES ('Sistemas investigación servicios especie personal palabra hora.', 29.88, 'Caja Grande');
INSERT INTO paquetes (descripcion, peso, tipo) VALUES ('Mirada buena viaje artículo lado pueden.', 33.97, 'Caja Pequeña');
INSERT INTO paquetes (descripcion, peso, tipo) VALUES ('Gobierno animales local o trabajadores que.', 25.72, 'Caja Grande');
INSERT INTO paquetes (descripcion, peso, tipo) VALUES ('Habría televisión van centros verdad diversas.', 11.02, 'Caja Pequeña');
INSERT INTO paquetes (descripcion, peso, tipo) VALUES ('Electoral suelo fácil habla lado banco constitución pasar.', 46.5, 'Sobre');
INSERT INTO paquetes (descripcion, peso, tipo) VALUES ('Amigo aquellos historia información volver figura.', 44.91, 'Sobre');
INSERT INTO paquetes (descripcion, peso, tipo) VALUES ('Tenía habría local ninguna visto resultados tenían.', 47.15, 'Caja Grande');
INSERT INTO paquetes (descripcion, peso, tipo) VALUES ('Posición veces atención palabras operación mis.', 31.81, 'Caja Pequeña');
INSERT INTO paquetes (descripcion, peso, tipo) VALUES ('Unas libre carlos resultado supuesto zona dolor.', 3.64, 'Sobre');
INSERT INTO paquetes (descripcion, peso, tipo) VALUES ('Nuevos decisión día cada menor sé.', 1.95, 'Pallet');
INSERT INTO paquetes (descripcion, peso, tipo) VALUES ('Tiempo equipo estar amigo toda hubo hombres momentos.', 22.19, 'Caja Grande');
INSERT INTO paquetes (descripcion, peso, tipo) VALUES ('Principio diciembre allá hacer contrario hija conocer.', 38.24, 'Caja Grande');
INSERT INTO paquetes (descripcion, peso, tipo) VALUES ('Un tanto tú.', 9.54, 'Caja Grande');
INSERT INTO paquetes (descripcion, peso, tipo) VALUES ('Fue estas semana cuyo.', 25.46, 'Pallet');
INSERT INTO paquetes (descripcion, peso, tipo) VALUES ('Etc europa argentina final aquella.', 19.5, 'Sobre');
INSERT INTO paquetes (descripcion, peso, tipo) VALUES ('Futuro además expresión tan psoe sueño debía.', 49.84, 'Sobre');
INSERT INTO paquetes (descripcion, peso, tipo) VALUES ('Recursos pequeño asunto zonas baja encontrar paso.', 38.49, 'Caja Grande');
INSERT INTO paquetes (descripcion, peso, tipo) VALUES ('Solamente aire pp permite temas precio memoria.', 9.61, 'Caja Grande');
INSERT INTO paquetes (descripcion, peso, tipo) VALUES ('Mar valor escuela.', 21.23, 'Pallet');
INSERT INTO paquetes (descripcion, peso, tipo) VALUES ('Mis n pocos recuerdo aparece sociedad.', 24.17, 'Pallet');
INSERT INTO paquetes (descripcion, peso, tipo) VALUES ('Común servicio seguir llama fiscal.', 11.87, 'Caja Grande');
INSERT INTO paquetes (descripcion, peso, tipo) VALUES ('Señora ellos lugar años fue y.', 17.38, 'Sobre');
INSERT INTO paquetes (descripcion, peso, tipo) VALUES ('D país soy derecho marcha.', 11.51, 'Caja Grande');
INSERT INTO paquetes (descripcion, peso, tipo) VALUES ('Sistema conciencia realidad policía dicen parece.', 17.7, 'Pallet');
INSERT INTO paquetes (descripcion, peso, tipo) VALUES ('Siete ojos perdido partido apoyo.', 7.73, 'Caja Grande');
INSERT INTO paquetes (descripcion, peso, tipo) VALUES ('Pueden el españa miembros.', 16.52, 'Caja Pequeña');
INSERT INTO paquetes (descripcion, peso, tipo) VALUES ('Nueva sala ayer.', 11.26, 'Sobre');
INSERT INTO paquetes (descripcion, peso, tipo) VALUES ('Siete información año luz condiciones.', 30.12, 'Sobre');
INSERT INTO paquetes (descripcion, peso, tipo) VALUES ('Música carácter san seguir socialista pp espera.', 1.85, 'Caja Pequeña');
INSERT INTO paquetes (descripcion, peso, tipo) VALUES ('Oficial si adelante película perdido.', 49.29, 'Caja Pequeña');
INSERT INTO paquetes (descripcion, peso, tipo) VALUES ('Suerte energía mujer largo base.', 6.5, 'Sobre');
INSERT INTO paquetes (descripcion, peso, tipo) VALUES ('Nacional veces mar políticos hicieron actitud nadie hacer.', 27.62, 'Caja Pequeña');

-- Envios
INSERT INTO envios (sucursal_RUC, sucursal_id_direccion, id_direccion_entrega, transportista_cedula, id_paquete, tarifa, estado) VALUES ('9190642599620', 34, 167, '6450020987', 111, 97.83, 'En camino');
INSERT INTO envios (sucursal_RUC, sucursal_id_direccion, id_direccion_entrega, transportista_cedula, id_paquete, tarifa, estado) VALUES ('5106382035666', 157, 109, '1004226318', 9, 84.39, 'Cancelado');
INSERT INTO envios (sucursal_RUC, sucursal_id_direccion, id_direccion_entrega, transportista_cedula, id_paquete, tarifa, estado) VALUES ('1511569910632', 183, 124, '6797593642', 8, 45.17, 'En recogida');
INSERT INTO envios (sucursal_RUC, sucursal_id_direccion, id_direccion_entrega, transportista_cedula, id_paquete, tarifa, estado) VALUES ('5795901927037', 144, 164, '2710574734', 40, 54.18, 'En camino');
INSERT INTO envios (sucursal_RUC, sucursal_id_direccion, id_direccion_entrega, transportista_cedula, id_paquete, tarifa, estado) VALUES ('9773618255640', 124, 165, '4642892390', 92, 98.48, 'Cancelado');
INSERT INTO envios (sucursal_RUC, sucursal_id_direccion, id_direccion_entrega, transportista_cedula, id_paquete, tarifa, estado) VALUES ('2689956140635', 129, 48, '8333285661', 48, 17.44, 'Entregado');
INSERT INTO envios (sucursal_RUC, sucursal_id_direccion, id_direccion_entrega, transportista_cedula, id_paquete, tarifa, estado) VALUES ('9773618255640', 124, 132, '9128463862', 124, 72.55, 'Entregado');
INSERT INTO envios (sucursal_RUC, sucursal_id_direccion, id_direccion_entrega, transportista_cedula, id_paquete, tarifa, estado) VALUES ('3510358182016', 140, 83, '8333285661', 90, 10.46, 'Entregado');
INSERT INTO envios (sucursal_RUC, sucursal_id_direccion, id_direccion_entrega, transportista_cedula, id_paquete, tarifa, estado) VALUES ('5106382035666', 157, 181, '4642892390', 148, 75.14, 'En camino');
INSERT INTO envios (sucursal_RUC, sucursal_id_direccion, id_direccion_entrega, transportista_cedula, id_paquete, tarifa, estado) VALUES ('5106382035666', 157, 102, '7405070604', 85, 48.21, 'Entregado');
INSERT INTO envios (sucursal_RUC, sucursal_id_direccion, id_direccion_entrega, transportista_cedula, id_paquete, tarifa, estado) VALUES ('9519440034536', 48, 181, '6372927207', 112, 14.15, 'Entregado');
INSERT INTO envios (sucursal_RUC, sucursal_id_direccion, id_direccion_entrega, transportista_cedula, id_paquete, tarifa, estado) VALUES ('6881022005868', 19, 18, '6372927207', 68, 83.05, 'Cancelado');
INSERT INTO envios (sucursal_RUC, sucursal_id_direccion, id_direccion_entrega, transportista_cedula, id_paquete, tarifa, estado) VALUES ('9519440034536', 48, 1, '3497015275', 17, 74.9, 'Entregado');
INSERT INTO envios (sucursal_RUC, sucursal_id_direccion, id_direccion_entrega, transportista_cedula, id_paquete, tarifa, estado) VALUES ('6211124647743', 45, 168, '9036781829', 47, 38.4, 'En recogida');
INSERT INTO envios (sucursal_RUC, sucursal_id_direccion, id_direccion_entrega, transportista_cedula, id_paquete, tarifa, estado) VALUES ('2569244893690', 52, 188, '6372927207', 135, 73.93, 'En camino');
INSERT INTO envios (sucursal_RUC, sucursal_id_direccion, id_direccion_entrega, transportista_cedula, id_paquete, tarifa, estado) VALUES ('2569244893690', 52, 140, '6797593642', 22, 87.27, 'Cancelado');
INSERT INTO envios (sucursal_RUC, sucursal_id_direccion, id_direccion_entrega, transportista_cedula, id_paquete, tarifa, estado) VALUES ('6881022005868', 19, 189, '6797593642', 45, 34.87, 'En recogida');
INSERT INTO envios (sucursal_RUC, sucursal_id_direccion, id_direccion_entrega, transportista_cedula, id_paquete, tarifa, estado) VALUES ('5633237932626', 95, 16, '3497015275', 123, 95.17, 'Entregado');
INSERT INTO envios (sucursal_RUC, sucursal_id_direccion, id_direccion_entrega, transportista_cedula, id_paquete, tarifa, estado) VALUES ('5795901927037', 144, 101, '2825981010', 23, 48.31, 'En camino');
INSERT INTO envios (sucursal_RUC, sucursal_id_direccion, id_direccion_entrega, transportista_cedula, id_paquete, tarifa, estado) VALUES ('2689956140635', 129, 121, '6450020987', 136, 40.15, 'En recogida');
INSERT INTO envios (sucursal_RUC, sucursal_id_direccion, id_direccion_entrega, transportista_cedula, id_paquete, tarifa, estado) VALUES ('5795901927037', 144, 4, '2825981010', 17, 97.0, 'Entregado');
INSERT INTO envios (sucursal_RUC, sucursal_id_direccion, id_direccion_entrega, transportista_cedula, id_paquete, tarifa, estado) VALUES ('9190642599620', 34, 159, '9128463862', 52, 7.25, 'En recogida');
INSERT INTO envios (sucursal_RUC, sucursal_id_direccion, id_direccion_entrega, transportista_cedula, id_paquete, tarifa, estado) VALUES ('1511569910632', 183, 121, '6450020987', 64, 24.32, 'En recogida');
INSERT INTO envios (sucursal_RUC, sucursal_id_direccion, id_direccion_entrega, transportista_cedula, id_paquete, tarifa, estado) VALUES ('8097149087388', 44, 95, '6797593642', 78, 82.8, 'En recogida');
INSERT INTO envios (sucursal_RUC, sucursal_id_direccion, id_direccion_entrega, transportista_cedula, id_paquete, tarifa, estado) VALUES ('5633237932626', 95, 76, '9128463862', 101, 91.0, 'Entregado');
INSERT INTO envios (sucursal_RUC, sucursal_id_direccion, id_direccion_entrega, transportista_cedula, id_paquete, tarifa, estado) VALUES ('9190642599620', 34, 109, '9036781829', 118, 49.53, 'En camino');
INSERT INTO envios (sucursal_RUC, sucursal_id_direccion, id_direccion_entrega, transportista_cedula, id_paquete, tarifa, estado) VALUES ('1511569910632', 183, 155, '6372927207', 117, 66.93, 'Entregado');
INSERT INTO envios (sucursal_RUC, sucursal_id_direccion, id_direccion_entrega, transportista_cedula, id_paquete, tarifa, estado) VALUES ('9193488140442', 174, 177, '2825981010', 8, 95.53, 'En recogida');
INSERT INTO envios (sucursal_RUC, sucursal_id_direccion, id_direccion_entrega, transportista_cedula, id_paquete, tarifa, estado) VALUES ('9519440034536', 48, 181, '5722512254', 43, 19.71, 'Cancelado');
INSERT INTO envios (sucursal_RUC, sucursal_id_direccion, id_direccion_entrega, transportista_cedula, id_paquete, tarifa, estado) VALUES ('5106382035666', 157, 198, '8333285661', 13, 10.71, 'Entregado');
INSERT INTO envios (sucursal_RUC, sucursal_id_direccion, id_direccion_entrega, transportista_cedula, id_paquete, tarifa, estado) VALUES ('1511569910632', 183, 8, '8803456214', 140, 14.48, 'Entregado');
INSERT INTO envios (sucursal_RUC, sucursal_id_direccion, id_direccion_entrega, transportista_cedula, id_paquete, tarifa, estado) VALUES ('3510358182016', 140, 85, '9036781829', 5, 78.64, 'Cancelado');
INSERT INTO envios (sucursal_RUC, sucursal_id_direccion, id_direccion_entrega, transportista_cedula, id_paquete, tarifa, estado) VALUES ('6881022005868', 19, 47, '6797593642', 67, 61.33, 'En recogida');
INSERT INTO envios (sucursal_RUC, sucursal_id_direccion, id_direccion_entrega, transportista_cedula, id_paquete, tarifa, estado) VALUES ('2569244893690', 52, 44, '2710574734', 55, 29.84, 'Entregado');
INSERT INTO envios (sucursal_RUC, sucursal_id_direccion, id_direccion_entrega, transportista_cedula, id_paquete, tarifa, estado) VALUES ('5106382035666', 157, 88, '2710574734', 62, 93.67, 'Cancelado');
INSERT INTO envios (sucursal_RUC, sucursal_id_direccion, id_direccion_entrega, transportista_cedula, id_paquete, tarifa, estado) VALUES ('9773618255640', 124, 120, '6450020987', 95, 53.26, 'En recogida');
INSERT INTO envios (sucursal_RUC, sucursal_id_direccion, id_direccion_entrega, transportista_cedula, id_paquete, tarifa, estado) VALUES ('5106382035666', 157, 163, '6372927207', 20, 84.22, 'En camino');
INSERT INTO envios (sucursal_RUC, sucursal_id_direccion, id_direccion_entrega, transportista_cedula, id_paquete, tarifa, estado) VALUES ('1511569910632', 183, 60, '8333285661', 131, 17.46, 'En camino');
INSERT INTO envios (sucursal_RUC, sucursal_id_direccion, id_direccion_entrega, transportista_cedula, id_paquete, tarifa, estado) VALUES ('3510358182016', 140, 74, '6372927207', 145, 88.45, 'En camino');
INSERT INTO envios (sucursal_RUC, sucursal_id_direccion, id_direccion_entrega, transportista_cedula, id_paquete, tarifa, estado) VALUES ('3510358182016', 140, 162, '2386483145', 96, 40.09, 'En recogida');
INSERT INTO envios (sucursal_RUC, sucursal_id_direccion, id_direccion_entrega, transportista_cedula, id_paquete, tarifa, estado) VALUES ('2569244893690', 52, 48, '3497015275', 24, 59.33, 'En recogida');
INSERT INTO envios (sucursal_RUC, sucursal_id_direccion, id_direccion_entrega, transportista_cedula, id_paquete, tarifa, estado) VALUES ('6881022005868', 19, 45, '6450020987', 22, 98.76, 'En recogida');
INSERT INTO envios (sucursal_RUC, sucursal_id_direccion, id_direccion_entrega, transportista_cedula, id_paquete, tarifa, estado) VALUES ('6881022005868', 19, 155, '2386483145', 5, 50.11, 'En camino');
INSERT INTO envios (sucursal_RUC, sucursal_id_direccion, id_direccion_entrega, transportista_cedula, id_paquete, tarifa, estado) VALUES ('9193488140442', 174, 155, '9128463862', 128, 54.1, 'En camino');
INSERT INTO envios (sucursal_RUC, sucursal_id_direccion, id_direccion_entrega, transportista_cedula, id_paquete, tarifa, estado) VALUES ('5795901927037', 144, 187, '1686204855', 65, 83.2, 'En recogida');
INSERT INTO envios (sucursal_RUC, sucursal_id_direccion, id_direccion_entrega, transportista_cedula, id_paquete, tarifa, estado) VALUES ('1511569910632', 183, 148, '3497015275', 31, 31.99, 'En recogida');
INSERT INTO envios (sucursal_RUC, sucursal_id_direccion, id_direccion_entrega, transportista_cedula, id_paquete, tarifa, estado) VALUES ('9190642599620', 34, 40, '6797593642', 33, 25.38, 'Entregado');
INSERT INTO envios (sucursal_RUC, sucursal_id_direccion, id_direccion_entrega, transportista_cedula, id_paquete, tarifa, estado) VALUES ('5633237932626', 95, 25, '2386483145', 22, 61.02, 'En camino');
INSERT INTO envios (sucursal_RUC, sucursal_id_direccion, id_direccion_entrega, transportista_cedula, id_paquete, tarifa, estado) VALUES ('2569244893690', 52, 97, '9128463862', 27, 64.2, 'Cancelado');
INSERT INTO envios (sucursal_RUC, sucursal_id_direccion, id_direccion_entrega, transportista_cedula, id_paquete, tarifa, estado) VALUES ('8097149087388', 44, 30, '2386483145', 21, 49.75, 'En camino');
INSERT INTO envios (sucursal_RUC, sucursal_id_direccion, id_direccion_entrega, transportista_cedula, id_paquete, tarifa, estado) VALUES ('9193488140442', 174, 21, '6372927207', 104, 27.54, 'Entregado');
INSERT INTO envios (sucursal_RUC, sucursal_id_direccion, id_direccion_entrega, transportista_cedula, id_paquete, tarifa, estado) VALUES ('9193488140442', 174, 25, '3435554231', 85, 6.93, 'Cancelado');
INSERT INTO envios (sucursal_RUC, sucursal_id_direccion, id_direccion_entrega, transportista_cedula, id_paquete, tarifa, estado) VALUES ('9773618255640', 124, 33, '6372927207', 145, 56.5, 'Cancelado');
INSERT INTO envios (sucursal_RUC, sucursal_id_direccion, id_direccion_entrega, transportista_cedula, id_paquete, tarifa, estado) VALUES ('9190642599620', 34, 56, '3295757159', 30, 97.36, 'En camino');
INSERT INTO envios (sucursal_RUC, sucursal_id_direccion, id_direccion_entrega, transportista_cedula, id_paquete, tarifa, estado) VALUES ('6881022005868', 19, 25, '3497015275', 98, 52.66, 'Cancelado');
INSERT INTO envios (sucursal_RUC, sucursal_id_direccion, id_direccion_entrega, transportista_cedula, id_paquete, tarifa, estado) VALUES ('9773618255640', 124, 78, '8333285661', 85, 61.01, 'Cancelado');
INSERT INTO envios (sucursal_RUC, sucursal_id_direccion, id_direccion_entrega, transportista_cedula, id_paquete, tarifa, estado) VALUES ('9519440034536', 48, 141, '7405070604', 39, 88.75, 'Cancelado');
INSERT INTO envios (sucursal_RUC, sucursal_id_direccion, id_direccion_entrega, transportista_cedula, id_paquete, tarifa, estado) VALUES ('5795901927037', 144, 57, '1686204855', 112, 99.79, 'En recogida');
INSERT INTO envios (sucursal_RUC, sucursal_id_direccion, id_direccion_entrega, transportista_cedula, id_paquete, tarifa, estado) VALUES ('2569244893690', 52, 144, '6302428944', 84, 65.33, 'En recogida');
INSERT INTO envios (sucursal_RUC, sucursal_id_direccion, id_direccion_entrega, transportista_cedula, id_paquete, tarifa, estado) VALUES ('9773618255640', 124, 16, '6372927207', 23, 79.92, 'En camino');
INSERT INTO envios (sucursal_RUC, sucursal_id_direccion, id_direccion_entrega, transportista_cedula, id_paquete, tarifa, estado) VALUES ('5795901927037', 144, 162, '4642892390', 77, 92.74, 'Entregado');
INSERT INTO envios (sucursal_RUC, sucursal_id_direccion, id_direccion_entrega, transportista_cedula, id_paquete, tarifa, estado) VALUES ('5795901927037', 144, 62, '2825981010', 3, 70.86, 'Cancelado');
INSERT INTO envios (sucursal_RUC, sucursal_id_direccion, id_direccion_entrega, transportista_cedula, id_paquete, tarifa, estado) VALUES ('5106382035666', 157, 168, '8967830274', 137, 82.29, 'En recogida');
INSERT INTO envios (sucursal_RUC, sucursal_id_direccion, id_direccion_entrega, transportista_cedula, id_paquete, tarifa, estado) VALUES ('5106382035666', 157, 9, '2710574734', 86, 21.6, 'En camino');
INSERT INTO envios (sucursal_RUC, sucursal_id_direccion, id_direccion_entrega, transportista_cedula, id_paquete, tarifa, estado) VALUES ('1511569910632', 183, 197, '6302428944', 20, 55.15, 'Cancelado');
INSERT INTO envios (sucursal_RUC, sucursal_id_direccion, id_direccion_entrega, transportista_cedula, id_paquete, tarifa, estado) VALUES ('9773618255640', 124, 161, '8803456214', 7, 67.1, 'Cancelado');
INSERT INTO envios (sucursal_RUC, sucursal_id_direccion, id_direccion_entrega, transportista_cedula, id_paquete, tarifa, estado) VALUES ('9773618255640', 124, 154, '9036781829', 95, 64.86, 'Entregado');
INSERT INTO envios (sucursal_RUC, sucursal_id_direccion, id_direccion_entrega, transportista_cedula, id_paquete, tarifa, estado) VALUES ('5106382035666', 157, 65, '1686204855', 100, 15.59, 'Cancelado');
INSERT INTO envios (sucursal_RUC, sucursal_id_direccion, id_direccion_entrega, transportista_cedula, id_paquete, tarifa, estado) VALUES ('5633237932626', 95, 76, '6797593642', 149, 81.53, 'Entregado');
INSERT INTO envios (sucursal_RUC, sucursal_id_direccion, id_direccion_entrega, transportista_cedula, id_paquete, tarifa, estado) VALUES ('6211124647743', 45, 129, '8967830274', 127, 32.38, 'Entregado');
INSERT INTO envios (sucursal_RUC, sucursal_id_direccion, id_direccion_entrega, transportista_cedula, id_paquete, tarifa, estado) VALUES ('9773618255640', 124, 43, '6372927207', 85, 45.47, 'Cancelado');
INSERT INTO envios (sucursal_RUC, sucursal_id_direccion, id_direccion_entrega, transportista_cedula, id_paquete, tarifa, estado) VALUES ('6881022005868', 19, 19, '8803456214', 139, 76.65, 'En recogida');
INSERT INTO envios (sucursal_RUC, sucursal_id_direccion, id_direccion_entrega, transportista_cedula, id_paquete, tarifa, estado) VALUES ('5795901927037', 144, 151, '5722512254', 65, 87.54, 'Entregado');
INSERT INTO envios (sucursal_RUC, sucursal_id_direccion, id_direccion_entrega, transportista_cedula, id_paquete, tarifa, estado) VALUES ('2569244893690', 52, 154, '7405070604', 57, 13.46, 'En camino');
INSERT INTO envios (sucursal_RUC, sucursal_id_direccion, id_direccion_entrega, transportista_cedula, id_paquete, tarifa, estado) VALUES ('3510358182016', 140, 107, '1004226318', 94, 98.17, 'En recogida');
INSERT INTO envios (sucursal_RUC, sucursal_id_direccion, id_direccion_entrega, transportista_cedula, id_paquete, tarifa, estado) VALUES ('3510358182016', 140, 20, '3497015275', 125, 64.98, 'En recogida');
INSERT INTO envios (sucursal_RUC, sucursal_id_direccion, id_direccion_entrega, transportista_cedula, id_paquete, tarifa, estado) VALUES ('1511569910632', 183, 38, '8333285661', 23, 88.95, 'Entregado');
INSERT INTO envios (sucursal_RUC, sucursal_id_direccion, id_direccion_entrega, transportista_cedula, id_paquete, tarifa, estado) VALUES ('8097149087388', 44, 67, '4642892390', 131, 75.42, 'Entregado');
INSERT INTO envios (sucursal_RUC, sucursal_id_direccion, id_direccion_entrega, transportista_cedula, id_paquete, tarifa, estado) VALUES ('1511569910632', 183, 192, '1004226318', 93, 30.2, 'Cancelado');
INSERT INTO envios (sucursal_RUC, sucursal_id_direccion, id_direccion_entrega, transportista_cedula, id_paquete, tarifa, estado) VALUES ('9190642599620', 34, 118, '5722512254', 62, 84.02, 'En recogida');
INSERT INTO envios (sucursal_RUC, sucursal_id_direccion, id_direccion_entrega, transportista_cedula, id_paquete, tarifa, estado) VALUES ('6211124647743', 45, 144, '5722512254', 12, 50.4, 'Cancelado');
INSERT INTO envios (sucursal_RUC, sucursal_id_direccion, id_direccion_entrega, transportista_cedula, id_paquete, tarifa, estado) VALUES ('5795901927037', 144, 169, '3295757159', 27, 49.18, 'Cancelado');
INSERT INTO envios (sucursal_RUC, sucursal_id_direccion, id_direccion_entrega, transportista_cedula, id_paquete, tarifa, estado) VALUES ('1511569910632', 183, 79, '4642892390', 90, 52.04, 'Entregado');
INSERT INTO envios (sucursal_RUC, sucursal_id_direccion, id_direccion_entrega, transportista_cedula, id_paquete, tarifa, estado) VALUES ('1511569910632', 183, 86, '6797593642', 101, 36.46, 'En camino');
INSERT INTO envios (sucursal_RUC, sucursal_id_direccion, id_direccion_entrega, transportista_cedula, id_paquete, tarifa, estado) VALUES ('5795901927037', 144, 162, '9128463862', 24, 57.31, 'Cancelado');
INSERT INTO envios (sucursal_RUC, sucursal_id_direccion, id_direccion_entrega, transportista_cedula, id_paquete, tarifa, estado) VALUES ('2569244893690', 52, 81, '3497015275', 51, 15.25, 'En recogida');
INSERT INTO envios (sucursal_RUC, sucursal_id_direccion, id_direccion_entrega, transportista_cedula, id_paquete, tarifa, estado) VALUES ('6211124647743', 45, 126, '6450020987', 117, 91.46, 'Entregado');
INSERT INTO envios (sucursal_RUC, sucursal_id_direccion, id_direccion_entrega, transportista_cedula, id_paquete, tarifa, estado) VALUES ('5795901927037', 144, 90, '3435554231', 43, 79.69, 'En recogida');
INSERT INTO envios (sucursal_RUC, sucursal_id_direccion, id_direccion_entrega, transportista_cedula, id_paquete, tarifa, estado) VALUES ('9190642599620', 34, 77, '8333285661', 82, 45.15, 'Cancelado');
INSERT INTO envios (sucursal_RUC, sucursal_id_direccion, id_direccion_entrega, transportista_cedula, id_paquete, tarifa, estado) VALUES ('1511569910632', 183, 190, '8803456214', 38, 5.19, 'En recogida');
INSERT INTO envios (sucursal_RUC, sucursal_id_direccion, id_direccion_entrega, transportista_cedula, id_paquete, tarifa, estado) VALUES ('6211124647743', 45, 117, '9036781829', 35, 38.28, 'En camino');
INSERT INTO envios (sucursal_RUC, sucursal_id_direccion, id_direccion_entrega, transportista_cedula, id_paquete, tarifa, estado) VALUES ('2569244893690', 52, 108, '8967830274', 1, 77.15, 'Cancelado');
INSERT INTO envios (sucursal_RUC, sucursal_id_direccion, id_direccion_entrega, transportista_cedula, id_paquete, tarifa, estado) VALUES ('9193488140442', 174, 140, '8803456214', 6, 37.88, 'Entregado');
INSERT INTO envios (sucursal_RUC, sucursal_id_direccion, id_direccion_entrega, transportista_cedula, id_paquete, tarifa, estado) VALUES ('6211124647743', 45, 25, '6302428944', 5, 56.2, 'En camino');
INSERT INTO envios (sucursal_RUC, sucursal_id_direccion, id_direccion_entrega, transportista_cedula, id_paquete, tarifa, estado) VALUES ('6881022005868', 19, 147, '7405070604', 52, 7.76, 'Entregado');
INSERT INTO envios (sucursal_RUC, sucursal_id_direccion, id_direccion_entrega, transportista_cedula, id_paquete, tarifa, estado) VALUES ('6881022005868', 19, 149, '6450020987', 117, 90.54, 'Entregado');
INSERT INTO envios (sucursal_RUC, sucursal_id_direccion, id_direccion_entrega, transportista_cedula, id_paquete, tarifa, estado) VALUES ('6211124647743', 45, 71, '3497015275', 114, 12.96, 'Entregado');
INSERT INTO envios (sucursal_RUC, sucursal_id_direccion, id_direccion_entrega, transportista_cedula, id_paquete, tarifa, estado) VALUES ('9773618255640', 124, 199, '2825981010', 99, 47.17, 'Entregado');
INSERT INTO envios (sucursal_RUC, sucursal_id_direccion, id_direccion_entrega, transportista_cedula, id_paquete, tarifa, estado) VALUES ('3510358182016', 140, 24, '2386483145', 112, 86.08, 'En recogida');
INSERT INTO envios (sucursal_RUC, sucursal_id_direccion, id_direccion_entrega, transportista_cedula, id_paquete, tarifa, estado) VALUES ('1511569910632', 183, 139, '8967830274', 93, 86.0, 'En recogida');
INSERT INTO envios (sucursal_RUC, sucursal_id_direccion, id_direccion_entrega, transportista_cedula, id_paquete, tarifa, estado) VALUES ('5106382035666', 157, 196, '1004226318', 139, 79.38, 'Entregado');
INSERT INTO envios (sucursal_RUC, sucursal_id_direccion, id_direccion_entrega, transportista_cedula, id_paquete, tarifa, estado) VALUES ('5106382035666', 157, 134, '6302428944', 31, 74.96, 'En recogida');
INSERT INTO envios (sucursal_RUC, sucursal_id_direccion, id_direccion_entrega, transportista_cedula, id_paquete, tarifa, estado) VALUES ('9519440034536', 48, 189, '8967830274', 115, 18.43, 'Cancelado');
INSERT INTO envios (sucursal_RUC, sucursal_id_direccion, id_direccion_entrega, transportista_cedula, id_paquete, tarifa, estado) VALUES ('5795901927037', 144, 146, '2825981010', 54, 17.26, 'Cancelado');
INSERT INTO envios (sucursal_RUC, sucursal_id_direccion, id_direccion_entrega, transportista_cedula, id_paquete, tarifa, estado) VALUES ('5633237932626', 95, 164, '6372927207', 146, 5.23, 'Cancelado');
INSERT INTO envios (sucursal_RUC, sucursal_id_direccion, id_direccion_entrega, transportista_cedula, id_paquete, tarifa, estado) VALUES ('6881022005868', 19, 198, '6797593642', 113, 71.35, 'En camino');
INSERT INTO envios (sucursal_RUC, sucursal_id_direccion, id_direccion_entrega, transportista_cedula, id_paquete, tarifa, estado) VALUES ('6881022005868', 19, 47, '3435554231', 90, 37.96, 'Entregado');
INSERT INTO envios (sucursal_RUC, sucursal_id_direccion, id_direccion_entrega, transportista_cedula, id_paquete, tarifa, estado) VALUES ('6881022005868', 19, 25, '3295757159', 149, 42.56, 'En recogida');
INSERT INTO envios (sucursal_RUC, sucursal_id_direccion, id_direccion_entrega, transportista_cedula, id_paquete, tarifa, estado) VALUES ('5633237932626', 95, 39, '9128463862', 59, 81.01, 'Cancelado');
INSERT INTO envios (sucursal_RUC, sucursal_id_direccion, id_direccion_entrega, transportista_cedula, id_paquete, tarifa, estado) VALUES ('6211124647743', 45, 128, '1004226318', 112, 68.84, 'En recogida');
INSERT INTO envios (sucursal_RUC, sucursal_id_direccion, id_direccion_entrega, transportista_cedula, id_paquete, tarifa, estado) VALUES ('3510358182016', 140, 87, '8333285661', 9, 81.73, 'En camino');
INSERT INTO envios (sucursal_RUC, sucursal_id_direccion, id_direccion_entrega, transportista_cedula, id_paquete, tarifa, estado) VALUES ('1511569910632', 183, 52, '3295757159', 44, 74.74, 'En recogida');
INSERT INTO envios (sucursal_RUC, sucursal_id_direccion, id_direccion_entrega, transportista_cedula, id_paquete, tarifa, estado) VALUES ('6881022005868', 19, 156, '8803456214', 129, 58.54, 'Cancelado');
INSERT INTO envios (sucursal_RUC, sucursal_id_direccion, id_direccion_entrega, transportista_cedula, id_paquete, tarifa, estado) VALUES ('9193488140442', 174, 17, '2710574734', 31, 13.7, 'En camino');
INSERT INTO envios (sucursal_RUC, sucursal_id_direccion, id_direccion_entrega, transportista_cedula, id_paquete, tarifa, estado) VALUES ('5633237932626', 95, 169, '6372927207', 52, 22.66, 'Cancelado');
INSERT INTO envios (sucursal_RUC, sucursal_id_direccion, id_direccion_entrega, transportista_cedula, id_paquete, tarifa, estado) VALUES ('5633237932626', 95, 66, '3497015275', 19, 35.92, 'Cancelado');
INSERT INTO envios (sucursal_RUC, sucursal_id_direccion, id_direccion_entrega, transportista_cedula, id_paquete, tarifa, estado) VALUES ('5106382035666', 157, 40, '1004226318', 47, 10.32, 'Cancelado');
INSERT INTO envios (sucursal_RUC, sucursal_id_direccion, id_direccion_entrega, transportista_cedula, id_paquete, tarifa, estado) VALUES ('5106382035666', 157, 191, '1004226318', 3, 82.86, 'Entregado');
INSERT INTO envios (sucursal_RUC, sucursal_id_direccion, id_direccion_entrega, transportista_cedula, id_paquete, tarifa, estado) VALUES ('6211124647743', 45, 61, '3435554231', 96, 49.0, 'Entregado');
INSERT INTO envios (sucursal_RUC, sucursal_id_direccion, id_direccion_entrega, transportista_cedula, id_paquete, tarifa, estado) VALUES ('9190642599620', 34, 103, '7405070604', 88, 89.89, 'En recogida');
INSERT INTO envios (sucursal_RUC, sucursal_id_direccion, id_direccion_entrega, transportista_cedula, id_paquete, tarifa, estado) VALUES ('5633237932626', 95, 49, '6372927207', 37, 42.05, 'En recogida');
INSERT INTO envios (sucursal_RUC, sucursal_id_direccion, id_direccion_entrega, transportista_cedula, id_paquete, tarifa, estado) VALUES ('1511569910632', 183, 34, '2825981010', 124, 56.95, 'En camino');
INSERT INTO envios (sucursal_RUC, sucursal_id_direccion, id_direccion_entrega, transportista_cedula, id_paquete, tarifa, estado) VALUES ('2569244893690', 52, 45, '6450020987', 37, 15.5, 'En camino');
INSERT INTO envios (sucursal_RUC, sucursal_id_direccion, id_direccion_entrega, transportista_cedula, id_paquete, tarifa, estado) VALUES ('2569244893690', 52, 60, '4642892390', 114, 10.16, 'Entregado');
INSERT INTO envios (sucursal_RUC, sucursal_id_direccion, id_direccion_entrega, transportista_cedula, id_paquete, tarifa, estado) VALUES ('2689956140635', 129, 141, '8333285661', 147, 93.94, 'En camino');
INSERT INTO envios (sucursal_RUC, sucursal_id_direccion, id_direccion_entrega, transportista_cedula, id_paquete, tarifa, estado) VALUES ('6211124647743', 45, 54, '2386483145', 52, 26.81, 'En camino');
INSERT INTO envios (sucursal_RUC, sucursal_id_direccion, id_direccion_entrega, transportista_cedula, id_paquete, tarifa, estado) VALUES ('9519440034536', 48, 109, '6797593642', 24, 15.24, 'Cancelado');
INSERT INTO envios (sucursal_RUC, sucursal_id_direccion, id_direccion_entrega, transportista_cedula, id_paquete, tarifa, estado) VALUES ('5795901927037', 144, 52, '3295757159', 127, 89.44, 'En camino');
INSERT INTO envios (sucursal_RUC, sucursal_id_direccion, id_direccion_entrega, transportista_cedula, id_paquete, tarifa, estado) VALUES ('9773618255640', 124, 166, '5722512254', 95, 56.93, 'Entregado');
INSERT INTO envios (sucursal_RUC, sucursal_id_direccion, id_direccion_entrega, transportista_cedula, id_paquete, tarifa, estado) VALUES ('9773618255640', 124, 115, '3295757159', 91, 39.59, 'Entregado');
INSERT INTO envios (sucursal_RUC, sucursal_id_direccion, id_direccion_entrega, transportista_cedula, id_paquete, tarifa, estado) VALUES ('2689956140635', 129, 30, '3497015275', 84, 11.42, 'Entregado');
INSERT INTO envios (sucursal_RUC, sucursal_id_direccion, id_direccion_entrega, transportista_cedula, id_paquete, tarifa, estado) VALUES ('5633237932626', 95, 88, '1686204855', 141, 78.86, 'Entregado');
INSERT INTO envios (sucursal_RUC, sucursal_id_direccion, id_direccion_entrega, transportista_cedula, id_paquete, tarifa, estado) VALUES ('8097149087388', 44, 19, '4642892390', 135, 87.64, 'Entregado');
INSERT INTO envios (sucursal_RUC, sucursal_id_direccion, id_direccion_entrega, transportista_cedula, id_paquete, tarifa, estado) VALUES ('5106382035666', 157, 187, '9036781829', 47, 52.18, 'Entregado');
INSERT INTO envios (sucursal_RUC, sucursal_id_direccion, id_direccion_entrega, transportista_cedula, id_paquete, tarifa, estado) VALUES ('6881022005868', 19, 27, '6372927207', 138, 9.52, 'En camino');
INSERT INTO envios (sucursal_RUC, sucursal_id_direccion, id_direccion_entrega, transportista_cedula, id_paquete, tarifa, estado) VALUES ('9773618255640', 124, 190, '3497015275', 98, 89.93, 'En recogida');
INSERT INTO envios (sucursal_RUC, sucursal_id_direccion, id_direccion_entrega, transportista_cedula, id_paquete, tarifa, estado) VALUES ('5633237932626', 95, 103, '8803456214', 15, 78.33, 'En camino');
INSERT INTO envios (sucursal_RUC, sucursal_id_direccion, id_direccion_entrega, transportista_cedula, id_paquete, tarifa, estado) VALUES ('9190642599620', 34, 38, '3435554231', 138, 63.4, 'Cancelado');
INSERT INTO envios (sucursal_RUC, sucursal_id_direccion, id_direccion_entrega, transportista_cedula, id_paquete, tarifa, estado) VALUES ('9190642599620', 34, 66, '8967830274', 71, 45.54, 'Cancelado');
INSERT INTO envios (sucursal_RUC, sucursal_id_direccion, id_direccion_entrega, transportista_cedula, id_paquete, tarifa, estado) VALUES ('9190642599620', 34, 50, '2710574734', 49, 86.38, 'En recogida');
INSERT INTO envios (sucursal_RUC, sucursal_id_direccion, id_direccion_entrega, transportista_cedula, id_paquete, tarifa, estado) VALUES ('5795901927037', 144, 86, '3295757159', 54, 66.87, 'En camino');
INSERT INTO envios (sucursal_RUC, sucursal_id_direccion, id_direccion_entrega, transportista_cedula, id_paquete, tarifa, estado) VALUES ('6881022005868', 19, 145, '8333285661', 106, 47.32, 'Cancelado');
INSERT INTO envios (sucursal_RUC, sucursal_id_direccion, id_direccion_entrega, transportista_cedula, id_paquete, tarifa, estado) VALUES ('8097149087388', 44, 72, '6450020987', 91, 17.02, 'En recogida');
INSERT INTO envios (sucursal_RUC, sucursal_id_direccion, id_direccion_entrega, transportista_cedula, id_paquete, tarifa, estado) VALUES ('9773618255640', 124, 90, '1686204855', 22, 46.65, 'En camino');
INSERT INTO envios (sucursal_RUC, sucursal_id_direccion, id_direccion_entrega, transportista_cedula, id_paquete, tarifa, estado) VALUES ('5633237932626', 95, 144, '3295757159', 140, 47.08, 'Entregado');
INSERT INTO envios (sucursal_RUC, sucursal_id_direccion, id_direccion_entrega, transportista_cedula, id_paquete, tarifa, estado) VALUES ('2569244893690', 52, 195, '2825981010', 119, 64.97, 'En recogida');
INSERT INTO envios (sucursal_RUC, sucursal_id_direccion, id_direccion_entrega, transportista_cedula, id_paquete, tarifa, estado) VALUES ('9190642599620', 34, 17, '4642892390', 48, 32.28, 'Cancelado');
INSERT INTO envios (sucursal_RUC, sucursal_id_direccion, id_direccion_entrega, transportista_cedula, id_paquete, tarifa, estado) VALUES ('2569244893690', 52, 78, '2825981010', 81, 65.86, 'Entregado');
INSERT INTO envios (sucursal_RUC, sucursal_id_direccion, id_direccion_entrega, transportista_cedula, id_paquete, tarifa, estado) VALUES ('6211124647743', 45, 77, '2386483145', 8, 55.3, 'Entregado');
INSERT INTO envios (sucursal_RUC, sucursal_id_direccion, id_direccion_entrega, transportista_cedula, id_paquete, tarifa, estado) VALUES ('2689956140635', 129, 176, '3295757159', 94, 52.31, 'En camino');
INSERT INTO envios (sucursal_RUC, sucursal_id_direccion, id_direccion_entrega, transportista_cedula, id_paquete, tarifa, estado) VALUES ('6881022005868', 19, 113, '3497015275', 87, 48.65, 'En camino');
INSERT INTO envios (sucursal_RUC, sucursal_id_direccion, id_direccion_entrega, transportista_cedula, id_paquete, tarifa, estado) VALUES ('2569244893690', 52, 24, '4642892390', 102, 63.56, 'Entregado');
INSERT INTO envios (sucursal_RUC, sucursal_id_direccion, id_direccion_entrega, transportista_cedula, id_paquete, tarifa, estado) VALUES ('9190642599620', 34, 174, '1004226318', 60, 33.19, 'En recogida');
INSERT INTO envios (sucursal_RUC, sucursal_id_direccion, id_direccion_entrega, transportista_cedula, id_paquete, tarifa, estado) VALUES ('5633237932626', 95, 158, '8803456214', 27, 36.44, 'En recogida');
INSERT INTO envios (sucursal_RUC, sucursal_id_direccion, id_direccion_entrega, transportista_cedula, id_paquete, tarifa, estado) VALUES ('8097149087388', 44, 118, '8333285661', 134, 56.35, 'En camino');
INSERT INTO envios (sucursal_RUC, sucursal_id_direccion, id_direccion_entrega, transportista_cedula, id_paquete, tarifa, estado) VALUES ('9190642599620', 34, 69, '3497015275', 21, 77.58, 'En camino');
INSERT INTO envios (sucursal_RUC, sucursal_id_direccion, id_direccion_entrega, transportista_cedula, id_paquete, tarifa, estado) VALUES ('5106382035666', 157, 17, '3435554231', 111, 65.71, 'En recogida');
INSERT INTO envios (sucursal_RUC, sucursal_id_direccion, id_direccion_entrega, transportista_cedula, id_paquete, tarifa, estado) VALUES ('5633237932626', 95, 156, '2710574734', 150, 44.48, 'En recogida');
INSERT INTO envios (sucursal_RUC, sucursal_id_direccion, id_direccion_entrega, transportista_cedula, id_paquete, tarifa, estado) VALUES ('1511569910632', 183, 21, '1004226318', 44, 76.53, 'Entregado');
INSERT INTO envios (sucursal_RUC, sucursal_id_direccion, id_direccion_entrega, transportista_cedula, id_paquete, tarifa, estado) VALUES ('1511569910632', 183, 147, '3497015275', 26, 46.07, 'En recogida');
INSERT INTO envios (sucursal_RUC, sucursal_id_direccion, id_direccion_entrega, transportista_cedula, id_paquete, tarifa, estado) VALUES ('9190642599620', 34, 29, '9128463862', 115, 45.34, 'En recogida');
INSERT INTO envios (sucursal_RUC, sucursal_id_direccion, id_direccion_entrega, transportista_cedula, id_paquete, tarifa, estado) VALUES ('3510358182016', 140, 98, '1004226318', 79, 55.24, 'Cancelado');
INSERT INTO envios (sucursal_RUC, sucursal_id_direccion, id_direccion_entrega, transportista_cedula, id_paquete, tarifa, estado) VALUES ('6881022005868', 19, 141, '8803456214', 96, 46.12, 'En camino');
INSERT INTO envios (sucursal_RUC, sucursal_id_direccion, id_direccion_entrega, transportista_cedula, id_paquete, tarifa, estado) VALUES ('1511569910632', 183, 137, '3497015275', 78, 76.53, 'Cancelado');
INSERT INTO envios (sucursal_RUC, sucursal_id_direccion, id_direccion_entrega, transportista_cedula, id_paquete, tarifa, estado) VALUES ('5633237932626', 95, 125, '9128463862', 62, 71.45, 'Entregado');
INSERT INTO envios (sucursal_RUC, sucursal_id_direccion, id_direccion_entrega, transportista_cedula, id_paquete, tarifa, estado) VALUES ('5633237932626', 95, 171, '6302428944', 95, 5.35, 'Cancelado');
INSERT INTO envios (sucursal_RUC, sucursal_id_direccion, id_direccion_entrega, transportista_cedula, id_paquete, tarifa, estado) VALUES ('3510358182016', 140, 75, '6450020987', 57, 41.12, 'Cancelado');
INSERT INTO envios (sucursal_RUC, sucursal_id_direccion, id_direccion_entrega, transportista_cedula, id_paquete, tarifa, estado) VALUES ('3510358182016', 140, 20, '2386483145', 27, 69.98, 'Cancelado');
INSERT INTO envios (sucursal_RUC, sucursal_id_direccion, id_direccion_entrega, transportista_cedula, id_paquete, tarifa, estado) VALUES ('6881022005868', 19, 104, '3497015275', 116, 55.88, 'Cancelado');
INSERT INTO envios (sucursal_RUC, sucursal_id_direccion, id_direccion_entrega, transportista_cedula, id_paquete, tarifa, estado) VALUES ('5633237932626', 95, 183, '8803456214', 25, 35.96, 'Entregado');
INSERT INTO envios (sucursal_RUC, sucursal_id_direccion, id_direccion_entrega, transportista_cedula, id_paquete, tarifa, estado) VALUES ('9190642599620', 34, 12, '7405070604', 142, 45.72, 'En camino');
INSERT INTO envios (sucursal_RUC, sucursal_id_direccion, id_direccion_entrega, transportista_cedula, id_paquete, tarifa, estado) VALUES ('5633237932626', 95, 77, '6372927207', 112, 85.86, 'En camino');
INSERT INTO envios (sucursal_RUC, sucursal_id_direccion, id_direccion_entrega, transportista_cedula, id_paquete, tarifa, estado) VALUES ('9519440034536', 48, 173, '8333285661', 120, 6.61, 'En recogida');
INSERT INTO envios (sucursal_RUC, sucursal_id_direccion, id_direccion_entrega, transportista_cedula, id_paquete, tarifa, estado) VALUES ('5106382035666', 157, 58, '2825981010', 15, 27.1, 'En camino');
INSERT INTO envios (sucursal_RUC, sucursal_id_direccion, id_direccion_entrega, transportista_cedula, id_paquete, tarifa, estado) VALUES ('6211124647743', 45, 39, '5722512254', 90, 12.92, 'En camino');
INSERT INTO envios (sucursal_RUC, sucursal_id_direccion, id_direccion_entrega, transportista_cedula, id_paquete, tarifa, estado) VALUES ('1511569910632', 183, 46, '3497015275', 54, 40.74, 'Entregado');
INSERT INTO envios (sucursal_RUC, sucursal_id_direccion, id_direccion_entrega, transportista_cedula, id_paquete, tarifa, estado) VALUES ('2689956140635', 129, 122, '8967830274', 16, 27.2, 'Entregado');
INSERT INTO envios (sucursal_RUC, sucursal_id_direccion, id_direccion_entrega, transportista_cedula, id_paquete, tarifa, estado) VALUES ('5106382035666', 157, 16, '1004226318', 103, 98.22, 'Entregado');
INSERT INTO envios (sucursal_RUC, sucursal_id_direccion, id_direccion_entrega, transportista_cedula, id_paquete, tarifa, estado) VALUES ('9193488140442', 174, 162, '8967830274', 34, 46.58, 'Cancelado');
INSERT INTO envios (sucursal_RUC, sucursal_id_direccion, id_direccion_entrega, transportista_cedula, id_paquete, tarifa, estado) VALUES ('2689956140635', 129, 162, '3435554231', 62, 40.64, 'En recogida');
INSERT INTO envios (sucursal_RUC, sucursal_id_direccion, id_direccion_entrega, transportista_cedula, id_paquete, tarifa, estado) VALUES ('3510358182016', 140, 132, '1686204855', 73, 7.23, 'Cancelado');
INSERT INTO envios (sucursal_RUC, sucursal_id_direccion, id_direccion_entrega, transportista_cedula, id_paquete, tarifa, estado) VALUES ('3510358182016', 140, 31, '6797593642', 67, 99.2, 'Cancelado');
INSERT INTO envios (sucursal_RUC, sucursal_id_direccion, id_direccion_entrega, transportista_cedula, id_paquete, tarifa, estado) VALUES ('5795901927037', 144, 174, '2386483145', 78, 85.83, 'Entregado');
INSERT INTO envios (sucursal_RUC, sucursal_id_direccion, id_direccion_entrega, transportista_cedula, id_paquete, tarifa, estado) VALUES ('6881022005868', 19, 17, '2710574734', 24, 82.04, 'En camino');
INSERT INTO envios (sucursal_RUC, sucursal_id_direccion, id_direccion_entrega, transportista_cedula, id_paquete, tarifa, estado) VALUES ('9519440034536', 48, 199, '8333285661', 107, 23.28, 'En recogida');
INSERT INTO envios (sucursal_RUC, sucursal_id_direccion, id_direccion_entrega, transportista_cedula, id_paquete, tarifa, estado) VALUES ('6211124647743', 45, 193, '3497015275', 43, 12.46, 'Entregado');
INSERT INTO envios (sucursal_RUC, sucursal_id_direccion, id_direccion_entrega, transportista_cedula, id_paquete, tarifa, estado) VALUES ('5633237932626', 95, 60, '8333285661', 132, 63.41, 'Entregado');
INSERT INTO envios (sucursal_RUC, sucursal_id_direccion, id_direccion_entrega, transportista_cedula, id_paquete, tarifa, estado) VALUES ('6881022005868', 19, 20, '8967830274', 86, 11.67, 'Entregado');
INSERT INTO envios (sucursal_RUC, sucursal_id_direccion, id_direccion_entrega, transportista_cedula, id_paquete, tarifa, estado) VALUES ('6881022005868', 19, 118, '8803456214', 23, 11.4, 'Cancelado');
INSERT INTO envios (sucursal_RUC, sucursal_id_direccion, id_direccion_entrega, transportista_cedula, id_paquete, tarifa, estado) VALUES ('2569244893690', 52, 87, '2825981010', 23, 11.11, 'En recogida');
INSERT INTO envios (sucursal_RUC, sucursal_id_direccion, id_direccion_entrega, transportista_cedula, id_paquete, tarifa, estado) VALUES ('6881022005868', 19, 142, '1004226318', 56, 65.54, 'Cancelado');
INSERT INTO envios (sucursal_RUC, sucursal_id_direccion, id_direccion_entrega, transportista_cedula, id_paquete, tarifa, estado) VALUES ('6881022005868', 19, 79, '8803456214', 128, 70.69, 'En recogida');
INSERT INTO envios (sucursal_RUC, sucursal_id_direccion, id_direccion_entrega, transportista_cedula, id_paquete, tarifa, estado) VALUES ('9193488140442', 174, 187, '8333285661', 92, 81.84, 'En camino');
INSERT INTO envios (sucursal_RUC, sucursal_id_direccion, id_direccion_entrega, transportista_cedula, id_paquete, tarifa, estado) VALUES ('2689956140635', 129, 170, '5722512254', 149, 89.37, 'Cancelado');
INSERT INTO envios (sucursal_RUC, sucursal_id_direccion, id_direccion_entrega, transportista_cedula, id_paquete, tarifa, estado) VALUES ('9193488140442', 174, 132, '5722512254', 4, 90.63, 'Entregado');
INSERT INTO envios (sucursal_RUC, sucursal_id_direccion, id_direccion_entrega, transportista_cedula, id_paquete, tarifa, estado) VALUES ('5795901927037', 144, 124, '5722512254', 120, 49.46, 'En camino');
INSERT INTO envios (sucursal_RUC, sucursal_id_direccion, id_direccion_entrega, transportista_cedula, id_paquete, tarifa, estado) VALUES ('5795901927037', 144, 63, '9128463862', 29, 5.74, 'Entregado');
INSERT INTO envios (sucursal_RUC, sucursal_id_direccion, id_direccion_entrega, transportista_cedula, id_paquete, tarifa, estado) VALUES ('6211124647743', 45, 82, '2710574734', 51, 55.41, 'Cancelado');
INSERT INTO envios (sucursal_RUC, sucursal_id_direccion, id_direccion_entrega, transportista_cedula, id_paquete, tarifa, estado) VALUES ('9519440034536', 48, 132, '9128463862', 108, 17.26, 'Entregado');
INSERT INTO envios (sucursal_RUC, sucursal_id_direccion, id_direccion_entrega, transportista_cedula, id_paquete, tarifa, estado) VALUES ('5795901927037', 144, 142, '2386483145', 104, 27.72, 'En recogida');
